Year,Packaging,City,Seed price (RSD),Crop
2010,40kg,Vranje,1480.0,Barley
2010,45kg,Pirot,1620.0,Barley
2010,45kg,Vranje,1665.0,Barley
2010,50kg,Beograd,1780.0,Barley
2010,50kg,Kragujevac,1850.0,Barley
2010,50kg,Kragujevac,1850.0,Barley
2010,50kg,Kraljevo,1750.0,Barley
2010,50kg,Kraljevo,1850.0,Barley
2010,50kg,Loznica,1650.0,Barley
2010,50kg,Niš,1900.0,Barley
2010,50kg,Niš,1900.0,Barley
2010,50kg,Niš,1900.0,Barley
2010,50kg,Pančevo,1750.0,Barley
2010,50kg,Pančevo,1700.0,Barley
2010,50kg,Požarevac,1900.0,Barley
2010,50kg,Smederevo,1800.0,Barley
2010,50kg,Sombor,1500.0,Barley
2010,50kg,Sombor,1500.0,Barley
2010,50kg,Sombor,1400.0,Barley
2010,50kg,Subotica,1450.0,Barley
2010,50kg,Zaječar,1850.0,Barley
2010,50kg,Zaječar,1850.0,Barley
2010,50kg,Čačak,1850.0,Barley
2010,25000 sj,Beograd,2900.0,Corn
2010,25000 sj,Beograd,2400.0,Corn
2010,25000 sj,Beograd,3300.0,Corn
2010,25000 sj,Beograd,2900.0,Corn
2010,25000 sj,Beograd,2590.0,Corn
2010,25000 sj,Beograd,2500.0,Corn
2010,25000 sj,Beograd,2200.0,Corn
2010,25000 sj,Beograd,3560.0,Corn
2010,25000 sj,Kikinda,2394.0,Corn
2010,25000 sj,Kikinda,2381.0,Corn
2010,25000 sj,Kikinda,2140.0,Corn
2010,25000 sj,Kikinda,2140.0,Corn
2010,25000 sj,Kikinda,2620.0,Corn
2010,25000 sj,Kikinda,3140.0,Corn
2010,25000 sj,Kikinda,2810.0,Corn
2010,25000 sj,Kikinda,2500.0,Corn
2010,25000 sj,Kikinda,2300.0,Corn
2010,25000 sj,Kikinda,2200.0,Corn
2010,25000 sj,Kikinda,2030.0,Corn
2010,25000 sj,Kikinda,3147.0,Corn
2010,25000 sj,Kikinda,3147.0,Corn
2010,25000 sj,Kikinda,2585.0,Corn
2010,25000 sj,Kikinda,3050.0,Corn
2010,25000 sj,Kragujevac,2500.0,Corn
2010,25000 sj,Kragujevac,2400.0,Corn
2010,25000 sj,Kragujevac,2400.0,Corn
2010,25000 sj,Kragujevac,2900.0,Corn
2010,25000 sj,Kragujevac,3300.0,Corn
2010,25000 sj,Kragujevac,2750.0,Corn
2010,25000 sj,Kragujevac,2850.0,Corn
2010,25000 sj,Kragujevac,2500.0,Corn
2010,25000 sj,Kragujevac,2400.0,Corn
2010,25000 sj,Kragujevac,2400.0,Corn
2010,25000 sj,Kragujevac,3450.0,Corn
2010,25000 sj,Kragujevac,3450.0,Corn
2010,25000 sj,Kragujevac,3800.0,Corn
2010,25000 sj,Kragujevac,3500.0,Corn
2010,25000 sj,Kraljevo,2670.0,Corn
2010,25000 sj,Kraljevo,2370.0,Corn
2010,25000 sj,Kraljevo,2180.0,Corn
2010,25000 sj,Kraljevo,3400.0,Corn
2010,25000 sj,Kraljevo,3200.0,Corn
2010,25000 sj,Kraljevo,2450.0,Corn
2010,25000 sj,Kraljevo,2150.0,Corn
2010,25000 sj,Kraljevo,3200.0,Corn
2010,25000 sj,Loznica,2264.0,Corn
2010,25000 sj,Loznica,2011.0,Corn
2010,25000 sj,Loznica,2990.0,Corn
2010,25000 sj,Loznica,2850.0,Corn
2010,25000 sj,Loznica,2600.0,Corn
2010,25000 sj,Loznica,2280.0,Corn
2010,25000 sj,Loznica,2400.0,Corn
2010,25000 sj,Loznica,3350.0,Corn
2010,25000 sj,Niš,2490.0,Corn
2010,25000 sj,Niš,2270.0,Corn
2010,25000 sj,Niš,2800.0,Corn
2010,25000 sj,Niš,2290.0,Corn
2010,25000 sj,Niš,2350.0,Corn
2010,25000 sj,Niš,3600.0,Corn
2010,25000 sj,Niš,2500.0,Corn
2010,25000 sj,Novi Sad,2474.0,Corn
2010,25000 sj,Novi Sad,2474.0,Corn
2010,25000 sj,Novi Sad,2198.0,Corn
2010,25000 sj,Novi Sad,2198.0,Corn
2010,25000 sj,Novi Sad,3450.0,Corn
2010,25000 sj,Novi Sad,3450.0,Corn
2010,25000 sj,Novi Sad,3500.0,Corn
2010,25000 sj,Novi Sad,2750.0,Corn
2010,25000 sj,Novi Sad,2498.0,Corn
2010,25000 sj,Novi Sad,2498.0,Corn
2010,25000 sj,Novi Sad,2498.0,Corn
2010,25000 sj,Novi Sad,3200.0,Corn
2010,25000 sj,Novi Sad,3550.0,Corn
2010,25000 sj,Novi Sad,3460.0,Corn
2010,25000 sj,Novi Sad,3460.0,Corn
2010,25000 sj,Novi Sad,3500.0,Corn
2010,25000 sj,Novi Sad,3100.0,Corn
2010,25000 sj,Pančevo,2100.0,Corn
2010,25000 sj,Pančevo,1900.0,Corn
2010,25000 sj,Pančevo,1900.0,Corn
2010,25000 sj,Pančevo,3300.0,Corn
2010,25000 sj,Pančevo,2900.0,Corn
2010,25000 sj,Pančevo,2600.0,Corn
2010,25000 sj,Pančevo,2300.0,Corn
2010,25000 sj,Pančevo,2100.0,Corn
2010,25000 sj,Pančevo,1900.0,Corn
2010,25000 sj,Pančevo,1900.0,Corn
2010,25000 sj,Pančevo,2800.0,Corn
2010,25000 sj,Pančevo,3100.0,Corn
2010,25000 sj,Pančevo,3150.0,Corn
2010,25000 sj,Pančevo,3100.0,Corn
2010,25000 sj,Pančevo,3000.0,Corn
2010,25000 sj,Pančevo,2600.0,Corn
2010,25000 sj,Pirot,2690.0,Corn
2010,25000 sj,Pirot,2390.0,Corn
2010,25000 sj,Pirot,2390.0,Corn
2010,25000 sj,Pirot,2970.0,Corn
2010,25000 sj,Pirot,2690.0,Corn
2010,25000 sj,Pirot,2350.0,Corn
2010,25000 sj,Pirot,3500.0,Corn
2010,25000 sj,Požarevac,2490.0,Corn
2010,25000 sj,Požarevac,2190.0,Corn
2010,25000 sj,Požarevac,2150.0,Corn
2010,25000 sj,Požarevac,3400.0,Corn
2010,25000 sj,Požarevac,2970.0,Corn
2010,25000 sj,Požarevac,2390.0,Corn
2010,25000 sj,Požarevac,2100.0,Corn
2010,25000 sj,Požarevac,3190.0,Corn
2010,25000 sj,Požarevac,3550.0,Corn
2010,25000 sj,Požarevac,2600.0,Corn
2010,25000 sj,Požarevac,3230.0,Corn
2010,25000 sj,Požarevac,2000.0,Corn
2010,25000 sj,Smederevo,2300.0,Corn
2010,25000 sj,Smederevo,3000.0,Corn
2010,25000 sj,Smederevo,2500.0,Corn
2010,25000 sj,Smederevo,3900.0,Corn
2010,25000 sj,Smederevo,2700.0,Corn
2010,25000 sj,Sombor,2010.0,Corn
2010,25000 sj,Sombor,2000.0,Corn
2010,25000 sj,Sombor,1959.0,Corn
2010,25000 sj,Sombor,3100.0,Corn
2010,25000 sj,Sombor,2800.0,Corn
2010,25000 sj,Sombor,2700.0,Corn
2010,25000 sj,Sombor,2500.0,Corn
2010,25000 sj,Sombor,2321.0,Corn
2010,25000 sj,Sombor,2320.0,Corn
2010,25000 sj,Sombor,3050.0,Corn
2010,25000 sj,Sombor,2704.0,Corn
2010,25000 sj,Sremska Mitrovica,2100.0,Corn
2010,25000 sj,Sremska Mitrovica,2150.0,Corn
2010,25000 sj,Sremska Mitrovica,2250.0,Corn
2010,25000 sj,Sremska Mitrovica,2950.0,Corn
2010,25000 sj,Sremska Mitrovica,3100.0,Corn
2010,25000 sj,Sremska Mitrovica,2100.0,Corn
2010,25000 sj,Sremska Mitrovica,2250.0,Corn
2010,25000 sj,Sremska Mitrovica,2350.0,Corn
2010,25000 sj,Sremska Mitrovica,3200.0,Corn
2010,25000 sj,Sremska Mitrovica,3300.0,Corn
2010,25000 sj,Sremska Mitrovica,3300.0,Corn
2010,25000 sj,Sremska Mitrovica,2950.0,Corn
2010,25000 sj,Sremska Mitrovica,2900.0,Corn
2010,25000 sj,Subotica,2350.0,Corn
2010,25000 sj,Subotica,1970.0,Corn
2010,25000 sj,Subotica,1770.0,Corn
2010,25000 sj,Subotica,3350.0,Corn
2010,25000 sj,Subotica,2930.0,Corn
2010,25000 sj,Subotica,2650.0,Corn
2010,25000 sj,Subotica,2350.0,Corn
2010,25000 sj,Subotica,2200.0,Corn
2010,25000 sj,Subotica,2050.0,Corn
2010,25000 sj,Subotica,3000.0,Corn
2010,25000 sj,Subotica,3000.0,Corn
2010,25000 sj,Subotica,3050.0,Corn
2010,25000 sj,Subotica,2750.0,Corn
2010,25000 sj,Vranje,2670.0,Corn
2010,25000 sj,Vranje,2375.0,Corn
2010,25000 sj,Vranje,2375.0,Corn
2010,25000 sj,Vranje,2750.0,Corn
2010,25000 sj,Vranje,3780.0,Corn
2010,25000 sj,Zaječar,2690.0,Corn
2010,25000 sj,Zaječar,2390.0,Corn
2010,25000 sj,Zaječar,2390.0,Corn
2010,25000 sj,Zaječar,3500.0,Corn
2010,25000 sj,Zaječar,2970.0,Corn
2010,25000 sj,Zaječar,2970.0,Corn
2010,25000 sj,Zaječar,2698.0,Corn
2010,25000 sj,Zaječar,2698.0,Corn
2010,25000 sj,Zaječar,3780.0,Corn
2010,25000 sj,Zrenjanin,2650.0,Corn
2010,25000 sj,Zrenjanin,2330.0,Corn
2010,25000 sj,Zrenjanin,3726.0,Corn
2010,25000 sj,Zrenjanin,3348.0,Corn
2010,25000 sj,Zrenjanin,2970.0,Corn
2010,25000 sj,Zrenjanin,2650.0,Corn
2010,25000 sj,Zrenjanin,3554.0,Corn
2010,25000 sj,Zrenjanin,3148.0,Corn
2010,25000 sj,Čačak,2500.0,Corn
2010,25000 sj,Čačak,2200.0,Corn
2010,25000 sj,Čačak,2300.0,Corn
2010,25000 sj,Čačak,3500.0,Corn
2010,25000sj,Sremska Mitrovica,2550.0,Corn
2010,30000sj,Beograd,3250.0,Corn
2010,30000sj,Kikinda,3150.0,Corn
2010,30000sj,Kikinda,2832.0,Corn
2010,30000sj,Kikinda,2700.0,Corn
2010,30000sj,Kraljevo,2950.0,Corn
2010,30000sj,Kraljevo,2950.0,Corn
2010,30000sj,Novi Sad,2950.0,Corn
2010,30000sj,Novi Sad,1990.0,Corn
2010,30000sj,Novi Sad,2700.0,Corn
2010,30000sj,Pančevo,2800.0,Corn
2010,30000sj,Pančevo,2750.0,Corn
2010,30000sj,Pančevo,2600.0,Corn
2010,30000sj,Pirot,2250.0,Corn
2010,30000sj,Pirot,3000.0,Corn
2010,30000sj,Požarevac,3185.0,Corn
2010,30000sj,Požarevac,3280.0,Corn
2010,30000sj,Smederevo,2300.0,Corn
2010,30000sj,Sombor,2750.0,Corn
2010,30000sj,Sombor,2750.0,Corn
2010,30000sj,Sremska Mitrovica,2900.0,Corn
2010,30000sj,Sremska Mitrovica,2900.0,Corn
2010,30000sj,Subotica,3050.0,Corn
2010,30000sj,Subotica,2800.0,Corn
2010,30000sj,Subotica,2600.0,Corn
2010,30000sj,Zaječar,3186.0,Corn
2010,30000sj,Zaječar,2916.0,Corn
2010,30000sj,Zrenjanin,3186.0,Corn
2010,30000sj,Zrenjanin,3456.0,Corn
2010,30000sj,Zrenjanin,2916.0,Corn
2010,25 kg,Kikinda,1200.0,Wheat
2010,25 kg,Kraljevo,875.0,Wheat
2010,25 kg,Kraljevo,1275.0,Wheat
2010,25 kg,Loznica,875.0,Wheat
2010,25 kg,Niš,925.0,Wheat
2010,25 kg,Niš,925.0,Wheat
2010,25 kg,Niš,925.0,Wheat
2010,25 kg,Niš,925.0,Wheat
2010,25 kg,Novi Sad,875.0,Wheat
2010,25 kg,Sombor,750.0,Wheat
2010,25 kg,Sombor,750.0,Wheat
2010,25 kg,Sombor,750.0,Wheat
2010,25 kg,Subotica,700.0,Wheat
2010,25 kg,Subotica,1000.0,Wheat
2010,25 kg,Vranje,900.0,Wheat
2010,25 kg,Vranje,1325.0,Wheat
2010,25 kg,Zaječar,950.0,Wheat
2010,25 kg,Zaječar,950.0,Wheat
2010,25 kg,Zaječar,950.0,Wheat
2010,25 kg,Zaječar,1325.0,Wheat
2010,25 kg,Zrenjanin,750.0,Wheat
2010,25 kg,Zrenjanin,1250.0,Wheat
2010,30 kg,Zrenjanin,1380.0,Wheat
2010,50 kg,Beograd,1700.0,Wheat
2010,50 kg,Kikinda,1620.0,Wheat
2010,50 kg,Kragujevac,1750.0,Wheat
2010,50 kg,Kragujevac,1750.0,Wheat
2010,50 kg,Kragujevac,2250.0,Wheat
2010,50 kg,Kraljevo,1750.0,Wheat
2010,50 kg,Kraljevo,2550.0,Wheat
2010,50 kg,Loznica,1750.0,Wheat
2010,50 kg,Niš,1850.0,Wheat
2010,50 kg,Niš,1850.0,Wheat
2010,50 kg,Niš,1850.0,Wheat
2010,50 kg,Niš,1850.0,Wheat
2010,50 kg,Niš,1850.0,Wheat
2010,50 kg,Novi Sad,1750.0,Wheat
2010,50 kg,Pančevo,1350.0,Wheat
2010,50 kg,Pančevo,2100.0,Wheat
2010,50 kg,Pančevo,1350.0,Wheat
2010,50 kg,Pirot,1850.0,Wheat
2010,50 kg,Požarevac,1750.0,Wheat
2010,50 kg,Požarevac,2500.0,Wheat
2010,50 kg,Požarevac,1750.0,Wheat
2010,50 kg,Smederevo,1750.0,Wheat
2010,50 kg,Sombor,1500.0,Wheat
2010,50 kg,Sombor,1500.0,Wheat
2010,50 kg,Sombor,1400.0,Wheat
2010,50 kg,Subotica,1400.0,Wheat
2010,50 kg,Vranje,1850.0,Wheat
2010,50 kg,Vranje,1850.0,Wheat
2010,50 kg,Zaječar,1900.0,Wheat
2010,50 kg,Zaječar,1900.0,Wheat
2010,50 kg,Zaječar,1900.0,Wheat
2010,50 kg,Zaječar,2650.0,Wheat
2010,50 kg,Čačak,1750.0,Wheat
2011,40kg,Niš,1520.0,Barley
2011,40kg,Pančevo,1680.0,Barley
2011,40kg,Čačak,1300.0,Barley
2011,45kg,Loznica,1710.0,Barley
2011,45kg,Pančevo,1890.0,Barley
2011,45kg,Pančevo,1890.0,Barley
2011,45kg,Smederevo,1665.0,Barley
2011,45kg,Sombor,1530.0,Barley
2011,45kg,Subotica,1394.0,Barley
2011,45kg,Zaječar,1800.0,Barley
2011,45kg,Čačak,1300.0,Barley
2011,45kg,Čačak,1450.0,Barley
2011,50kg,Beograd,1850.0,Barley
2011,50kg,Kragujevac,1850.0,Barley
2011,50kg,Kragujevac,1850.0,Barley
2011,50kg,Kraljevo,1750.0,Barley
2011,50kg,Pančevo,2100.0,Barley
2011,50kg,Požarevac,1900.0,Barley
2011,50kg,Smederevo,1750.0,Barley
2011,50kg,Sombor,1750.0,Barley
2011,50kg,Sremska Mitrovica,1900.0,Barley
2011,50kg,Vranje,1900.0,Barley
2011,50kg,Zaječar,2000.0,Barley
2011,50kg,Čačak,1500.0,Barley
2011,50kg,Čačak,1500.0,Barley
2011,50kg,Čačak,1500.0,Barley
2011,25000 sj,Beograd,2950.0,Corn
2011,25000 sj,Beograd,2850.0,Corn
2011,25000 sj,Beograd,2590.0,Corn
2011,25000 sj,Beograd,2450.0,Corn
2011,25000 sj,Beograd,4250.0,Corn
2011,25000 sj,Beograd,3600.0,Corn
2011,25000 sj,Beograd,2450.0,Corn
2011,25000 sj,Beograd,2900.0,Corn
2011,25000 sj,Beograd,2790.0,Corn
2011,25000 sj,Beograd,2580.0,Corn
2011,25000 sj,Beograd,3750.0,Corn
2011,25000 sj,Kikinda,2895.0,Corn
2011,25000 sj,Kikinda,2530.0,Corn
2011,25000 sj,Kikinda,3005.0,Corn
2011,25000 sj,Kikinda,3915.0,Corn
2011,25000 sj,Kikinda,3915.0,Corn
2011,25000 sj,Kikinda,2360.0,Corn
2011,25000 sj,Kikinda,2705.0,Corn
2011,25000 sj,Kikinda,2690.0,Corn
2011,25000 sj,Kikinda,3225.0,Corn
2011,25000 sj,Kikinda,3225.0,Corn
2011,25000 sj,Kikinda,3588.0,Corn
2011,25000 sj,Kikinda,3588.0,Corn
2011,25000 sj,Kikinda,3550.0,Corn
2011,25000 sj,Kikinda,3000.0,Corn
2011,25000 sj,Kragujevac,2800.0,Corn
2011,25000 sj,Kragujevac,2700.0,Corn
2011,25000 sj,Kragujevac,3350.0,Corn
2011,25000 sj,Kragujevac,3000.0,Corn
2011,25000 sj,Kragujevac,3350.0,Corn
2011,25000 sj,Kragujevac,3850.0,Corn
2011,25000 sj,Kragujevac,2790.0,Corn
2011,25000 sj,Kragujevac,4200.0,Corn
2011,25000 sj,Kragujevac,3800.0,Corn
2011,25000 sj,Kraljevo,2680.0,Corn
2011,25000 sj,Kraljevo,2640.0,Corn
2011,25000 sj,Kraljevo,2640.0,Corn
2011,25000 sj,Kraljevo,2640.0,Corn
2011,25000 sj,Kraljevo,2300.0,Corn
2011,25000 sj,Kraljevo,3680.0,Corn
2011,25000 sj,Loznica,2500.0,Corn
2011,25000 sj,Loznica,2100.0,Corn
2011,25000 sj,Loznica,2900.0,Corn
2011,25000 sj,Loznica,3400.0,Corn
2011,25000 sj,Loznica,2600.0,Corn
2011,25000 sj,Loznica,2500.0,Corn
2011,25000 sj,Loznica,2550.0,Corn
2011,25000 sj,Loznica,3650.0,Corn
2011,25000 sj,Niš,2790.0,Corn
2011,25000 sj,Niš,3190.0,Corn
2011,25000 sj,Niš,2790.0,Corn
2011,25000 sj,Niš,2790.0,Corn
2011,25000 sj,Niš,3190.0,Corn
2011,25000 sj,Niš,2790.0,Corn
2011,25000 sj,Niš,4190.0,Corn
2011,25000 sj,Novi Sad,2750.0,Corn
2011,25000 sj,Novi Sad,3200.0,Corn
2011,25000 sj,Novi Sad,2750.0,Corn
2011,25000 sj,Novi Sad,3100.0,Corn
2011,25000 sj,Novi Sad,3600.0,Corn
2011,25000 sj,Novi Sad,4150.0,Corn
2011,25000 sj,Novi Sad,2150.0,Corn
2011,25000 sj,Novi Sad,2550.0,Corn
2011,25000 sj,Novi Sad,2900.0,Corn
2011,25000 sj,Novi Sad,3360.0,Corn
2011,25000 sj,Novi Sad,3960.0,Corn
2011,25000 sj,Novi Sad,3960.0,Corn
2011,25000 sj,Novi Sad,4190.0,Corn
2011,25000 sj,Novi Sad,3510.0,Corn
2011,25000 sj,Pančevo,2990.0,Corn
2011,25000 sj,Pančevo,2800.0,Corn
2011,25000 sj,Pančevo,2790.0,Corn
2011,25000 sj,Pančevo,4290.0,Corn
2011,25000 sj,Pančevo,3300.0,Corn
2011,25000 sj,Pančevo,3740.0,Corn
2011,25000 sj,Pančevo,3300.0,Corn
2011,25000 sj,Pančevo,2750.0,Corn
2011,25000 sj,Pančevo,2580.0,Corn
2011,25000 sj,Pančevo,2100.0,Corn
2011,25000 sj,Pančevo,3360.0,Corn
2011,25000 sj,Pančevo,3360.0,Corn
2011,25000 sj,Pančevo,4760.0,Corn
2011,25000 sj,Pančevo,3960.0,Corn
2011,25000 sj,Pančevo,4950.0,Corn
2011,25000 sj,Pančevo,3510.0,Corn
2011,25000 sj,Pirot,2980.0,Corn
2011,25000 sj,Pirot,3895.0,Corn
2011,25000 sj,Pirot,3300.0,Corn
2011,25000 sj,Pirot,2980.0,Corn
2011,25000 sj,Požarevac,2700.0,Corn
2011,25000 sj,Požarevac,2350.0,Corn
2011,25000 sj,Požarevac,4500.0,Corn
2011,25000 sj,Požarevac,4000.0,Corn
2011,25000 sj,Požarevac,3350.0,Corn
2011,25000 sj,Požarevac,3250.0,Corn
2011,25000 sj,Požarevac,2650.0,Corn
2011,25000 sj,Požarevac,2400.0,Corn
2011,25000 sj,Požarevac,3150.0,Corn
2011,25000 sj,Požarevac,3350.0,Corn
2011,25000 sj,Požarevac,4150.0,Corn
2011,25000 sj,Požarevac,3600.0,Corn
2011,25000 sj,Smederevo,2950.0,Corn
2011,25000 sj,Smederevo,2780.0,Corn
2011,25000 sj,Smederevo,2440.0,Corn
2011,25000 sj,Smederevo,4220.0,Corn
2011,25000 sj,Smederevo,2700.0,Corn
2011,25000 sj,Smederevo,2650.0,Corn
2011,25000 sj,Smederevo,3730.0,Corn
2011,25000 sj,Sombor,2490.0,Corn
2011,25000 sj,Sombor,2590.0,Corn
2011,25000 sj,Sombor,3190.0,Corn
2011,25000 sj,Sombor,3490.0,Corn
2011,25000 sj,Sombor,3990.0,Corn
2011,25000 sj,Sombor,2340.0,Corn
2011,25000 sj,Sombor,2690.0,Corn
2011,25000 sj,Sombor,3100.0,Corn
2011,25000 sj,Sombor,3100.0,Corn
2011,25000 sj,Sombor,3400.0,Corn
2011,25000 sj,Sombor,3160.0,Corn
2011,25000 sj,Sombor,3160.0,Corn
2011,25000 sj,Sremska Mitrovica,2600.0,Corn
2011,25000 sj,Sremska Mitrovica,2300.0,Corn
2011,25000 sj,Sremska Mitrovica,2200.0,Corn
2011,25000 sj,Sremska Mitrovica,3550.0,Corn
2011,25000 sj,Sremska Mitrovica,3150.0,Corn
2011,25000 sj,Sremska Mitrovica,2800.0,Corn
2011,25000 sj,Sremska Mitrovica,2650.0,Corn
2011,25000 sj,Sremska Mitrovica,2300.0,Corn
2011,25000 sj,Sremska Mitrovica,2000.0,Corn
2011,25000 sj,Sremska Mitrovica,2900.0,Corn
2011,25000 sj,Sremska Mitrovica,3400.0,Corn
2011,25000 sj,Sremska Mitrovica,3000.0,Corn
2011,25000 sj,Subotica,2450.0,Corn
2011,25000 sj,Subotica,2700.0,Corn
2011,25000 sj,Subotica,3050.0,Corn
2011,25000 sj,Subotica,3500.0,Corn
2011,25000 sj,Subotica,3900.0,Corn
2011,25000 sj,Subotica,2300.0,Corn
2011,25000 sj,Subotica,2600.0,Corn
2011,25000 sj,Subotica,2600.0,Corn
2011,25000 sj,Subotica,3000.0,Corn
2011,25000 sj,Subotica,3000.0,Corn
2011,25000 sj,Subotica,3600.0,Corn
2011,25000 sj,Vranje,3190.0,Corn
2011,25000 sj,Vranje,2800.0,Corn
2011,25000 sj,Vranje,2790.0,Corn
2011,25000 sj,Vranje,4180.0,Corn
2011,25000 sj,Vranje,3564.0,Corn
2011,25000 sj,Vranje,3510.0,Corn
2011,25000 sj,Vranje,2355.0,Corn
2011,25000 sj,Vranje,4190.0,Corn
2011,25000 sj,Vranje,3510.0,Corn
2011,25000 sj,Zaječar,3190.0,Corn
2011,25000 sj,Zaječar,3560.0,Corn
2011,25000 sj,Zaječar,3220.0,Corn
2011,25000 sj,Zaječar,3510.0,Corn
2011,25000 sj,Zaječar,3590.0,Corn
2011,25000 sj,Zrenjanin,2870.0,Corn
2011,25000 sj,Zrenjanin,2500.0,Corn
2011,25000 sj,Zrenjanin,3040.0,Corn
2011,25000 sj,Zrenjanin,3450.0,Corn
2011,25000 sj,Zrenjanin,3960.0,Corn
2011,25000 sj,Zrenjanin,4465.0,Corn
2011,25000 sj,Zrenjanin,2340.0,Corn
2011,25000 sj,Zrenjanin,2650.0,Corn
2011,25000 sj,Zrenjanin,3093.0,Corn
2011,25000 sj,Zrenjanin,3300.0,Corn
2011,25000 sj,Zrenjanin,4670.0,Corn
2011,25000 sj,Zrenjanin,4670.0,Corn
2011,25000 sj,Zrenjanin,3755.0,Corn
2011,25000 sj,Zrenjanin,3565.0,Corn
2011,25000 sj,Zrenjanin,2680.0,Corn
2011,25000 sj,Čačak,2680.0,Corn
2011,25000 sj,Čačak,2640.0,Corn
2011,25000 sj,Čačak,2640.0,Corn
2011,25000 sj,Čačak,2640.0,Corn
2011,25000 sj,Čačak,2300.0,Corn
2011,25000 sj,Čačak,3680.0,Corn
2011,30000sj,Beograd,2950.0,Corn
2011,30000sj,Beograd,2700.0,Corn
2011,30000sj,Kikinda,2710.0,Corn
2011,30000sj,Kikinda,2710.0,Corn
2011,30000sj,Kikinda,2295.0,Corn
2011,30000sj,Kragujevac,3000.0,Corn
2011,30000sj,Kragujevac,3100.0,Corn
2011,30000sj,Kragujevac,2600.0,Corn
2011,30000sj,Kraljevo,2890.0,Corn
2011,30000sj,Loznica,2800.0,Corn
2011,30000sj,Niš,2000.0,Corn
2011,30000sj,Niš,2920.0,Corn
2011,30000sj,Niš,2920.0,Corn
2011,30000sj,Novi Sad,2500.0,Corn
2011,30000sj,Novi Sad,2950.0,Corn
2011,30000sj,Novi Sad,2500.0,Corn
2011,30000sj,Pančevo,2690.0,Corn
2011,30000sj,Pančevo,2250.0,Corn
2011,30000sj,Požarevac,2900.0,Corn
2011,30000sj,Požarevac,2550.0,Corn
2011,30000sj,Smederevo,3170.0,Corn
2011,30000sj,Sombor,2620.0,Corn
2011,30000sj,Sombor,2620.0,Corn
2011,30000sj,Sombor,2620.0,Corn
2011,30000sj,Sremska Mitrovica,2650.0,Corn
2011,30000sj,Sremska Mitrovica,2600.0,Corn
2011,30000sj,Sremska Mitrovica,2650.0,Corn
2011,30000sj,Subotica,2600.0,Corn
2011,30000sj,Subotica,2600.0,Corn
2011,30000sj,Subotica,2600.0,Corn
2011,30000sj,Zaječar,3456.0,Corn
2011,30000sj,Zaječar,3400.0,Corn
2011,30000sj,Zaječar,3295.0,Corn
2011,30000sj,Zrenjanin,2270.0,Corn
2011,30000sj,Čačak,2890.0,Corn
2011,25 kg,Kikinda,1350.0,Wheat
2011,25 kg,Kraljevo,1375.0,Wheat
2011,25 kg,Kraljevo,1400.0,Wheat
2011,25 kg,Loznica,900.0,Wheat
2011,25 kg,Loznica,1400.0,Wheat
2011,25 kg,Novi Sad,1200.0,Wheat
2011,25 kg,Novi Sad,1200.0,Wheat
2011,25 kg,Pančevo,900.0,Wheat
2011,25 kg,Pančevo,900.0,Wheat
2011,25 kg,Pančevo,1375.0,Wheat
2011,25 kg,Požarevac,1350.0,Wheat
2011,25 kg,Požarevac,1400.0,Wheat
2011,25 kg,Smederevo,875.0,Wheat
2011,25 kg,Smederevo,1350.0,Wheat
2011,25 kg,Smederevo,1375.0,Wheat
2011,25 kg,Sombor,875.0,Wheat
2011,25 kg,Sremska Mitrovica,900.0,Wheat
2011,25 kg,Sremska Mitrovica,1100.0,Wheat
2011,25 kg,Subotica,925.0,Wheat
2011,25 kg,Subotica,1200.0,Wheat
2011,25 kg,Subotica,1200.0,Wheat
2011,25 kg,Vranje,925.0,Wheat
2011,25 kg,Vranje,925.0,Wheat
2011,25 kg,Zaječar,925.0,Wheat
2011,25 kg,Zaječar,1575.0,Wheat
2011,25 kg,Zrenjanin,1325.0,Wheat
2011,25 kg,Čačak,775.0,Wheat
2011,25 kg,Čačak,750.0,Wheat
2011,50 kg,Beograd,1850.0,Wheat
2011,50 kg,Kikinda,1750.0,Wheat
2011,50 kg,Kragujevac,1700.0,Wheat
2011,50 kg,Kragujevac,1750.0,Wheat
2011,50 kg,Kragujevac,1800.0,Wheat
2011,50 kg,Kragujevac,2750.0,Wheat
2011,50 kg,Kraljevo,1650.0,Wheat
2011,50 kg,Loznica,1800.0,Wheat
2011,50 kg,Loznica,2800.0,Wheat
2011,50 kg,Niš,1700.0,Wheat
2011,50 kg,Novi Sad,2400.0,Wheat
2011,50 kg,Novi Sad,2400.0,Wheat
2011,50 kg,Pančevo,1800.0,Wheat
2011,50 kg,Pančevo,2750.0,Wheat
2011,50 kg,Pančevo,1800.0,Wheat
2011,50 kg,Pančevo,2750.0,Wheat
2011,50 kg,Pirot,1900.0,Wheat
2011,50 kg,Požarevac,1800.0,Wheat
2011,50 kg,Požarevac,1800.0,Wheat
2011,50 kg,Požarevac,2700.0,Wheat
2011,50 kg,Požarevac,2750.0,Wheat
2011,50 kg,Smederevo,1850.0,Wheat
2011,50 kg,Sombor,1890.0,Wheat
2011,50 kg,Subotica,1850.0,Wheat
2011,50 kg,Subotica,2400.0,Wheat
2011,50 kg,Subotica,2400.0,Wheat
2011,50 kg,Vranje,1850.0,Wheat
2011,50 kg,Vranje,1850.0,Wheat
2011,50 kg,Zaječar,1850.0,Wheat
2011,50 kg,Zaječar,3150.0,Wheat
2011,50 kg,Čačak,1400.0,Wheat
2011,50 kg,Čačak,1400.0,Wheat
2011,50 kg,Čačak,1350.0,Wheat
2011,50 kg,Čačak,1350.0,Wheat
2012,40kg,Vranje,2050.0,Barley
2012,45kg,Novi Sad,2160.0,Barley
2012,50kg,Beograd,2600.0,Barley
2012,50kg,Kragujevac,2800.0,Barley
2012,50kg,Kragujevac,2750.0,Barley
2012,50kg,Kraljevo,2625.0,Barley
2012,50kg,Loznica,3100.0,Barley
2012,50kg,Niš,2750.0,Barley
2012,50kg,Novi Sad,2400.0,Barley
2012,50kg,Požarevac,2650.0,Barley
2012,50kg,Sombor,2400.0,Barley
2012,50kg,Vranje,2500.0,Barley
2012,50kg,Zaječar,2750.0,Barley
2012,50kg,Zrenjanin,2500.0,Barley
2012,50kg,Čačak,2750.0,Barley
2012,25000 sj,Beograd,3310.0,Corn
2012,25000 sj,Beograd,2900.0,Corn
2012,25000 sj,Beograd,2450.0,Corn
2012,25000 sj,Beograd,3800.0,Corn
2012,25000 sj,Beograd,3000.0,Corn
2012,25000 sj,Beograd,2650.0,Corn
2012,25000 sj,Beograd,2400.0,Corn
2012,25000 sj,Beograd,3500.0,Corn
2012,25000 sj,Beograd,3000.0,Corn
2012,25000 sj,Kikinda,2960.0,Corn
2012,25000 sj,Kikinda,2827.0,Corn
2012,25000 sj,Kikinda,2590.0,Corn
2012,25000 sj,Kikinda,2296.0,Corn
2012,25000 sj,Kikinda,4450.0,Corn
2012,25000 sj,Kikinda,4020.0,Corn
2012,25000 sj,Kikinda,3500.0,Corn
2012,25000 sj,Kikinda,3089.0,Corn
2012,25000 sj,Kikinda,2495.0,Corn
2012,25000 sj,Kikinda,2170.0,Corn
2012,25000 sj,Kikinda,3430.0,Corn
2012,25000 sj,Kikinda,3630.0,Corn
2012,25000 sj,Kikinda,3665.0,Corn
2012,25000 sj,Kikinda,3665.0,Corn
2012,25000 sj,Kikinda,3380.0,Corn
2012,25000 sj,Kikinda,3125.0,Corn
2012,25000 sj,Kragujevac,3100.0,Corn
2012,25000 sj,Kragujevac,2850.0,Corn
2012,25000 sj,Kragujevac,2550.0,Corn
2012,25000 sj,Kragujevac,2650.0,Corn
2012,25000 sj,Kragujevac,2350.0,Corn
2012,25000 sj,Kraljevo,2800.0,Corn
2012,25000 sj,Kraljevo,3160.0,Corn
2012,25000 sj,Kraljevo,3450.0,Corn
2012,25000 sj,Kraljevo,2820.0,Corn
2012,25000 sj,Kraljevo,3250.0,Corn
2012,25000 sj,Kraljevo,4340.0,Corn
2012,25000 sj,Loznica,3200.0,Corn
2012,25000 sj,Loznica,2700.0,Corn
2012,25000 sj,Loznica,2600.0,Corn
2012,25000 sj,Loznica,4100.0,Corn
2012,25000 sj,Loznica,3750.0,Corn
2012,25000 sj,Loznica,2800.0,Corn
2012,25000 sj,Loznica,2450.0,Corn
2012,25000 sj,Loznica,2500.0,Corn
2012,25000 sj,Niš,2800.0,Corn
2012,25000 sj,Niš,2900.0,Corn
2012,25000 sj,Niš,3200.0,Corn
2012,25000 sj,Niš,2400.0,Corn
2012,25000 sj,Niš,2800.0,Corn
2012,25000 sj,Pančevo,2990.0,Corn
2012,25000 sj,Pančevo,2990.0,Corn
2012,25000 sj,Pančevo,2700.0,Corn
2012,25000 sj,Pančevo,2680.0,Corn
2012,25000 sj,Pančevo,2990.0,Corn
2012,25000 sj,Pančevo,3390.0,Corn
2012,25000 sj,Pančevo,3890.0,Corn
2012,25000 sj,Pančevo,4550.0,Corn
2012,25000 sj,Pančevo,2650.0,Corn
2012,25000 sj,Pančevo,2450.0,Corn
2012,25000 sj,Pančevo,3000.0,Corn
2012,25000 sj,Pančevo,3200.0,Corn
2012,25000 sj,Pančevo,3800.0,Corn
2012,25000 sj,Pančevo,3800.0,Corn
2012,25000 sj,Pančevo,3300.0,Corn
2012,25000 sj,Pančevo,2850.0,Corn
2012,25000 sj,Požarevac,3100.0,Corn
2012,25000 sj,Požarevac,2850.0,Corn
2012,25000 sj,Požarevac,2530.0,Corn
2012,25000 sj,Požarevac,4270.0,Corn
2012,25000 sj,Požarevac,4500.0,Corn
2012,25000 sj,Požarevac,3700.0,Corn
2012,25000 sj,Požarevac,3280.0,Corn
2012,25000 sj,Požarevac,2700.0,Corn
2012,25000 sj,Požarevac,2350.0,Corn
2012,25000 sj,Požarevac,3770.0,Corn
2012,25000 sj,Požarevac,3680.0,Corn
2012,25000 sj,Požarevac,2700.0,Corn
2012,25000 sj,Smederevo,2875.0,Corn
2012,25000 sj,Smederevo,2895.0,Corn
2012,25000 sj,Smederevo,2720.0,Corn
2012,25000 sj,Smederevo,2350.0,Corn
2012,25000 sj,Sombor,2400.0,Corn
2012,25000 sj,Sombor,2790.0,Corn
2012,25000 sj,Sombor,3390.0,Corn
2012,25000 sj,Sombor,2950.0,Corn
2012,25000 sj,Sremska Mitrovica,3100.0,Corn
2012,25000 sj,Sremska Mitrovica,2675.0,Corn
2012,25000 sj,Sremska Mitrovica,2373.0,Corn
2012,25000 sj,Sremska Mitrovica,3936.0,Corn
2012,25000 sj,Sremska Mitrovica,3250.0,Corn
2012,25000 sj,Sremska Mitrovica,2800.0,Corn
2012,25000 sj,Sremska Mitrovica,2800.0,Corn
2012,25000 sj,Sremska Mitrovica,3400.0,Corn
2012,25000 sj,Subotica,3100.0,Corn
2012,25000 sj,Subotica,2850.0,Corn
2012,25000 sj,Subotica,2550.0,Corn
2012,25000 sj,Subotica,2800.0,Corn
2012,25000 sj,Subotica,3250.0,Corn
2012,25000 sj,Subotica,3650.0,Corn
2012,25000 sj,Subotica,4050.0,Corn
2012,25000 sj,Subotica,2650.0,Corn
2012,25000 sj,Subotica,2350.0,Corn
2012,25000 sj,Subotica,3320.0,Corn
2012,25000 sj,Vranje,3300.0,Corn
2012,25000 sj,Vranje,2950.0,Corn
2012,25000 sj,Vranje,2600.0,Corn
2012,25000 sj,Vranje,4200.0,Corn
2012,25000 sj,Zaječar,3100.0,Corn
2012,25000 sj,Zaječar,2850.0,Corn
2012,25000 sj,Zaječar,2550.0,Corn
2012,25000 sj,Zaječar,2650.0,Corn
2012,25000 sj,Zaječar,2350.0,Corn
2012,25000 sj,Zrenjanin,3265.0,Corn
2012,25000 sj,Zrenjanin,3265.0,Corn
2012,25000 sj,Zrenjanin,3564.0,Corn
2012,25000 sj,Zrenjanin,4840.0,Corn
2012,25000 sj,Zrenjanin,4860.0,Corn
2012,25000 sj,Zrenjanin,3810.0,Corn
2012,25000 sj,Zrenjanin,3400.0,Corn
2012,25000 sj,Zrenjanin,3240.0,Corn
2012,25000 sj,Zrenjanin,2880.0,Corn
2012,25000 sj,Zrenjanin,4885.0,Corn
2012,25000 sj,Zrenjanin,4299.0,Corn
2012,25000 sj,Čačak,2800.0,Corn
2012,25000 sj,Čačak,3160.0,Corn
2012,25000 sj,Čačak,3450.0,Corn
2012,25000 sj,Čačak,2820.0,Corn
2012,25000 sj,Čačak,3250.0,Corn
2012,25000 sj,Čačak,4340.0,Corn
2012,25000sj,Kikinda,2448.0,Corn
2012,25000sj,Kikinda,2815.0,Corn
2012,25000sj,Kraljevo,2900.0,Corn
2012,25000sj,Pančevo,2250.0,Corn
2012,25000sj,Pančevo,2850.0,Corn
2012,25000sj,Požarevac,3880.0,Corn
2012,25000sj,Požarevac,3800.0,Corn
2012,25000sj,Sombor,2950.0,Corn
2012,25000sj,Sremska Mitrovica,3000.0,Corn
2012,25000sj,Sremska Mitrovica,3500.0,Corn
2012,25000sj,Subotica,2300.0,Corn
2012,25000sj,Subotica,2920.0,Corn
2012,25000sj,Vranje,2800.0,Corn
2012,25000sj,Zrenjanin,3024.0,Corn
2012,25000sj,Zrenjanin,3700.0,Corn
2012,25000sj,Čačak,2900.0,Corn
2012,30000sj,Beograd,3400.0,Corn
2012,30000sj,Beograd,3050.0,Corn
2012,30000sj,Beograd,2650.0,Corn
2012,30000sj,Kikinda,3215.0,Corn
2012,30000sj,Kikinda,3128.0,Corn
2012,30000sj,Kikinda,2480.0,Corn
2012,30000sj,Kragujevac,2850.0,Corn
2012,30000sj,Kragujevac,2750.0,Corn
2012,30000sj,Kragujevac,3050.0,Corn
2012,30000sj,Kraljevo,3800.0,Corn
2012,30000sj,Loznica,3550.0,Corn
2012,30000sj,Niš,3500.0,Corn
2012,30000sj,Niš,3400.0,Corn
2012,30000sj,Niš,3500.0,Corn
2012,30000sj,Pančevo,3350.0,Corn
2012,30000sj,Pančevo,2880.0,Corn
2012,30000sj,Pančevo,2500.0,Corn
2012,30000sj,Požarevac,3250.0,Corn
2012,30000sj,Požarevac,2700.0,Corn
2012,30000sj,Sremska Mitrovica,3320.0,Corn
2012,30000sj,Sremska Mitrovica,2700.0,Corn
2012,30000sj,Subotica,3300.0,Corn
2012,30000sj,Subotica,3150.0,Corn
2012,30000sj,Subotica,3020.0,Corn
2012,30000sj,Zaječar,2850.0,Corn
2012,30000sj,Zaječar,2750.0,Corn
2012,30000sj,Zaječar,3050.0,Corn
2012,30000sj,Zrenjanin,2450.0,Corn
2012,30000sj,Zrenjanin,3460.0,Corn
2012,30000sj,Zrenjanin,2980.0,Corn
2012,30000sj,Čačak,3800.0,Corn
2012,25 kg,Loznica,1550.0,Wheat
2012,25 kg,Loznica,1600.0,Wheat
2012,25 kg,Niš,1250.0,Wheat
2012,25 kg,Niš,1625.0,Wheat
2012,25 kg,Novi Sad,1200.0,Wheat
2012,25 kg,Pančevo,1550.0,Wheat
2012,25 kg,Pirot,1300.0,Wheat
2012,25 kg,Smederevo,1250.0,Wheat
2012,25 kg,Smederevo,1500.0,Wheat
2012,25 kg,Vranje,1650.0,Wheat
2012,25 kg,Zaječar,1250.0,Wheat
2012,25 kg,Zaječar,1575.0,Wheat
2012,25 kg,Zrenjanin,1250.0,Wheat
2012,25 kg,Zrenjanin,1550.0,Wheat
2012,50 kg,Beograd,2500.0,Wheat
2012,50 kg,Kikinda,2400.0,Wheat
2012,50 kg,Kragujevac,2700.0,Wheat
2012,50 kg,Kragujevac,2700.0,Wheat
2012,50 kg,Kragujevac,3200.0,Wheat
2012,50 kg,Kraljevo,2450.0,Wheat
2012,50 kg,Kraljevo,3150.0,Wheat
2012,50 kg,Loznica,3100.0,Wheat
2012,50 kg,Niš,2600.0,Wheat
2012,50 kg,Niš,3250.0,Wheat
2012,50 kg,Novi Sad,2400.0,Wheat
2012,50 kg,Novi Sad,2900.0,Wheat
2012,50 kg,Pančevo,2400.0,Wheat
2012,50 kg,Požarevac,2350.0,Wheat
2012,50 kg,Požarevac,3000.0,Wheat
2012,50 kg,Požarevac,3000.0,Wheat
2012,50 kg,Smederevo,2450.0,Wheat
2012,50 kg,Smederevo,3000.0,Wheat
2012,50 kg,Sombor,2500.0,Wheat
2012,50 kg,Sombor,3000.0,Wheat
2012,50 kg,Sombor,3000.0,Wheat
2012,50 kg,Vranje,2500.0,Wheat
2012,50 kg,Zaječar,2500.0,Wheat
2012,50 kg,Zrenjanin,2500.0,Wheat
2012,50 kg,Čačak,2500.0,Wheat
2012,50 kg,Čačak,3250.0,Wheat
2012,50 kg,Čačak,3250.0,Wheat
2013,40kg,Niš,1520.0,Barley
2013,40kg,Sombor,1240.0,Barley
2013,45kg,Kragujevac,1550.0,Barley
2013,45kg,Kraljevo,1710.0,Barley
2013,45kg,Smederevo,1755.0,Barley
2013,45kg,Sombor,1485.0,Barley
2013,45kg,Čačak,1530.0,Barley
2013,50kg,Beograd,2000.0,Barley
2013,50kg,Kragujevac,1675.0,Barley
2013,50kg,Kragujevac,1750.0,Barley
2013,50kg,Loznica,1750.0,Barley
2013,50kg,Loznica,2700.0,Barley
2013,50kg,Pančevo,2500.0,Barley
2013,50kg,Požarevac,1850.0,Barley
2013,50kg,Smederevo,1850.0,Barley
2013,50kg,Sombor,1700.0,Barley
2013,50kg,Subotica,1780.0,Barley
2013,50kg,Vranje,1750.0,Barley
2013,50kg,Zaječar,1950.0,Barley
2013,50kg,Zrenjanin,1710.0,Barley
2013,25000 sj,Beograd,3790.0,Corn
2013,25000 sj,Beograd,3400.0,Corn
2013,25000 sj,Beograd,3100.0,Corn
2013,25000 sj,Beograd,2700.0,Corn
2013,25000 sj,Beograd,3390.0,Corn
2013,25000 sj,Beograd,3300.0,Corn
2013,25000 sj,Beograd,4400.0,Corn
2013,25000 sj,Kikinda,3490.0,Corn
2013,25000 sj,Kikinda,3030.0,Corn
2013,25000 sj,Kikinda,3057.0,Corn
2013,25000 sj,Kikinda,2345.0,Corn
2013,25000 sj,Kikinda,5184.0,Corn
2013,25000 sj,Kikinda,4762.0,Corn
2013,25000 sj,Kikinda,4572.0,Corn
2013,25000 sj,Kikinda,4572.0,Corn
2013,25000 sj,Kikinda,2840.0,Corn
2013,25000 sj,Kikinda,3350.0,Corn
2013,25000 sj,Kikinda,3860.0,Corn
2013,25000 sj,Kikinda,4075.0,Corn
2013,25000 sj,Kikinda,4295.0,Corn
2013,25000 sj,Kikinda,4250.0,Corn
2013,25000 sj,Kikinda,5080.0,Corn
2013,25000 sj,Kikinda,4850.0,Corn
2013,25000 sj,Kragujevac,4000.0,Corn
2013,25000 sj,Kragujevac,3500.0,Corn
2013,25000 sj,Kragujevac,2900.0,Corn
2013,25000 sj,Kragujevac,2900.0,Corn
2013,25000 sj,Kragujevac,5300.0,Corn
2013,25000 sj,Kragujevac,5200.0,Corn
2013,25000 sj,Kragujevac,4900.0,Corn
2013,25000 sj,Kragujevac,4800.0,Corn
2013,25000 sj,Kragujevac,3650.0,Corn
2013,25000 sj,Kragujevac,3200.0,Corn
2013,25000 sj,Kragujevac,4400.0,Corn
2013,25000 sj,Kragujevac,4600.0,Corn
2013,25000 sj,Kraljevo,3350.0,Corn
2013,25000 sj,Kraljevo,2700.0,Corn
2013,25000 sj,Kraljevo,3050.0,Corn
2013,25000 sj,Kraljevo,3410.0,Corn
2013,25000 sj,Kraljevo,3360.0,Corn
2013,25000 sj,Loznica,3720.0,Corn
2013,25000 sj,Loznica,3325.0,Corn
2013,25000 sj,Loznica,2850.0,Corn
2013,25000 sj,Loznica,5715.0,Corn
2013,25000 sj,Loznica,5335.0,Corn
2013,25000 sj,Loznica,5150.0,Corn
2013,25000 sj,Loznica,4900.0,Corn
2013,25000 sj,Loznica,3300.0,Corn
2013,25000 sj,Loznica,3275.0,Corn
2013,25000 sj,Loznica,3950.0,Corn
2013,25000 sj,Loznica,4090.0,Corn
2013,25000 sj,Loznica,4595.0,Corn
2013,25000 sj,Niš,2900.0,Corn
2013,25000 sj,Niš,3350.0,Corn
2013,25000 sj,Niš,3750.0,Corn
2013,25000 sj,Niš,3350.0,Corn
2013,25000 sj,Niš,3750.0,Corn
2013,25000 sj,Niš,5000.0,Corn
2013,25000 sj,Novi Sad,4000.0,Corn
2013,25000 sj,Novi Sad,3600.0,Corn
2013,25000 sj,Novi Sad,3200.0,Corn
2013,25000 sj,Novi Sad,3000.0,Corn
2013,25000 sj,Novi Sad,5600.0,Corn
2013,25000 sj,Novi Sad,5300.0,Corn
2013,25000 sj,Novi Sad,5000.0,Corn
2013,25000 sj,Novi Sad,4800.0,Corn
2013,25000 sj,Novi Sad,3500.0,Corn
2013,25000 sj,Novi Sad,3700.0,Corn
2013,25000 sj,Novi Sad,3800.0,Corn
2013,25000 sj,Novi Sad,3900.0,Corn
2013,25000 sj,Novi Sad,4450.0,Corn
2013,25000 sj,Novi Sad,4450.0,Corn
2013,25000 sj,Novi Sad,5000.0,Corn
2013,25000 sj,Pančevo,4100.0,Corn
2013,25000 sj,Pančevo,3350.0,Corn
2013,25000 sj,Pančevo,3150.0,Corn
2013,25000 sj,Pančevo,6390.0,Corn
2013,25000 sj,Pančevo,3700.0,Corn
2013,25000 sj,Pančevo,3700.0,Corn
2013,25000 sj,Pančevo,4190.0,Corn
2013,25000 sj,Pirot,4100.0,Corn
2013,25000 sj,Pirot,3350.0,Corn
2013,25000 sj,Pirot,3350.0,Corn
2013,25000 sj,Pirot,3350.0,Corn
2013,25000 sj,Pirot,5100.0,Corn
2013,25000 sj,Pirot,5100.0,Corn
2013,25000 sj,Pirot,3850.0,Corn
2013,25000 sj,Pirot,4000.0,Corn
2013,25000 sj,Pirot,4500.0,Corn
2013,25000 sj,Pirot,4500.0,Corn
2013,25000 sj,Pirot,5350.0,Corn
2013,25000 sj,Požarevac,3770.0,Corn
2013,25000 sj,Požarevac,3450.0,Corn
2013,25000 sj,Požarevac,3090.0,Corn
2013,25000 sj,Požarevac,2800.0,Corn
2013,25000 sj,Požarevac,5700.0,Corn
2013,25000 sj,Požarevac,5350.0,Corn
2013,25000 sj,Požarevac,5200.0,Corn
2013,25000 sj,Požarevac,4800.0,Corn
2013,25000 sj,Požarevac,3580.0,Corn
2013,25000 sj,Požarevac,3350.0,Corn
2013,25000 sj,Požarevac,4600.0,Corn
2013,25000 sj,Požarevac,4850.0,Corn
2013,25000 sj,Požarevac,4450.0,Corn
2013,25000 sj,Požarevac,4900.0,Corn
2013,25000 sj,Požarevac,4850.0,Corn
2013,25000 sj,Požarevac,4590.0,Corn
2013,25000 sj,Smederevo,3373.0,Corn
2013,25000 sj,Smederevo,2920.0,Corn
2013,25000 sj,Smederevo,3780.0,Corn
2013,25000 sj,Smederevo,3690.0,Corn
2013,25000 sj,Smederevo,3895.0,Corn
2013,25000 sj,Sombor,3790.0,Corn
2013,25000 sj,Sombor,3470.0,Corn
2013,25000 sj,Sombor,3100.0,Corn
2013,25000 sj,Sombor,3700.0,Corn
2013,25000 sj,Sombor,3500.0,Corn
2013,25000 sj,Sombor,4950.0,Corn
2013,25000 sj,Sombor,4590.0,Corn
2013,25000 sj,Subotica,3700.0,Corn
2013,25000 sj,Subotica,3200.0,Corn
2013,25000 sj,Subotica,2680.0,Corn
2013,25000 sj,Subotica,5390.0,Corn
2013,25000 sj,Subotica,5090.0,Corn
2013,25000 sj,Subotica,4980.0,Corn
2013,25000 sj,Subotica,4850.0,Corn
2013,25000 sj,Subotica,3100.0,Corn
2013,25000 sj,Subotica,2290.0,Corn
2013,25000 sj,Subotica,4450.0,Corn
2013,25000 sj,Subotica,4480.0,Corn
2013,25000 sj,Vranje,3850.0,Corn
2013,25000 sj,Vranje,3650.0,Corn
2013,25000 sj,Vranje,5000.0,Corn
2013,25000 sj,Zaječar,4090.0,Corn
2013,25000 sj,Zaječar,3750.0,Corn
2013,25000 sj,Zaječar,2900.0,Corn
2013,25000 sj,Zaječar,3350.0,Corn
2013,25000 sj,Zaječar,5030.0,Corn
2013,25000 sj,Zaječar,3650.0,Corn
2013,25000 sj,Zaječar,3850.0,Corn
2013,25000 sj,Zrenjanin,3750.0,Corn
2013,25000 sj,Zrenjanin,3350.0,Corn
2013,25000 sj,Zrenjanin,3350.0,Corn
2013,25000 sj,Zrenjanin,5584.0,Corn
2013,25000 sj,Zrenjanin,5394.0,Corn
2013,25000 sj,Zrenjanin,5180.0,Corn
2013,25000 sj,Zrenjanin,3780.0,Corn
2013,25000 sj,Zrenjanin,3570.0,Corn
2013,25000 sj,Zrenjanin,4340.0,Corn
2013,25000 sj,Zrenjanin,5346.0,Corn
2013,25000 sj,Zrenjanin,4950.0,Corn
2013,25000 sj,Čačak,3500.0,Corn
2013,25000 sj,Čačak,5700.0,Corn
2013,25000 sj,Čačak,3700.0,Corn
2013,25000sj,Beograd,2950.0,Corn
2013,25000sj,Beograd,3950.0,Corn
2013,25000sj,Kikinda,3230.0,Corn
2013,25000sj,Kikinda,4288.0,Corn
2013,25000sj,Loznica,3100.0,Corn
2013,25000sj,Loznica,4100.0,Corn
2013,25000sj,Niš,4200.0,Corn
2013,25000sj,Niš,4299.0,Corn
2013,25000sj,Novi Sad,3100.0,Corn
2013,25000sj,Novi Sad,3800.0,Corn
2013,25000sj,Pančevo,3235.0,Corn
2013,25000sj,Pančevo,4195.0,Corn
2013,25000sj,Pirot,3550.0,Corn
2013,25000sj,Požarevac,4250.0,Corn
2013,25000sj,Sombor,3150.0,Corn
2013,25000sj,Sombor,4190.0,Corn
2013,25000sj,Subotica,2980.0,Corn
2013,25000sj,Subotica,3840.0,Corn
2013,25000sj,Vranje,3200.0,Corn
2013,25000sj,Vranje,4300.0,Corn
2013,25000sj,Zrenjanin,3400.0,Corn
2013,25000sj,Zrenjanin,4520.0,Corn
2013,25000sj,Čačak,3200.0,Corn
2013,30000sj,Beograd,4500.0,Corn
2013,30000sj,Beograd,3900.0,Corn
2013,30000sj,Beograd,3300.0,Corn
2013,30000sj,Kikinda,3890.0,Corn
2013,30000sj,Kikinda,3600.0,Corn
2013,30000sj,Kikinda,3398.0,Corn
2013,30000sj,Kragujevac,3450.0,Corn
2013,30000sj,Kragujevac,3450.0,Corn
2013,30000sj,Loznica,3900.0,Corn
2013,30000sj,Loznica,3375.0,Corn
2013,30000sj,Loznica,3215.0,Corn
2013,30000sj,Niš,4200.0,Corn
2013,30000sj,Niš,4200.0,Corn
2013,30000sj,Novi Sad,4200.0,Corn
2013,30000sj,Novi Sad,3900.0,Corn
2013,30000sj,Novi Sad,3100.0,Corn
2013,30000sj,Pirot,4500.0,Corn
2013,30000sj,Požarevac,4800.0,Corn
2013,30000sj,Subotica,3700.0,Corn
2013,30000sj,Subotica,3700.0,Corn
2013,30000sj,Vranje,4200.0,Corn
2013,30000sj,Zaječar,4600.0,Corn
2013,30000sj,Zaječar,3700.0,Corn
2013,30000sj,Zaječar,4200.0,Corn
2013,30000sj,Zrenjanin,4100.0,Corn
2013,30000sj,Zrenjanin,3400.0,Corn
2013,25 kg,Kikinda,850.0,Wheat
2013,25 kg,Kikinda,1225.0,Wheat
2013,25 kg,Kraljevo,850.0,Wheat
2013,25 kg,Kraljevo,1225.0,Wheat
2013,25 kg,Loznica,825.0,Wheat
2013,25 kg,Loznica,1225.0,Wheat
2013,25 kg,Loznica,1300.0,Wheat
2013,25 kg,Niš,800.0,Wheat
2013,25 kg,Niš,1350.0,Wheat
2013,25 kg,Pančevo,825.0,Wheat
2013,25 kg,Pančevo,1300.0,Wheat
2013,25 kg,Pirot,875.0,Wheat
2013,25 kg,Smederevo,825.0,Wheat
2013,25 kg,Smederevo,780.0,Wheat
2013,25 kg,Sombor,850.0,Wheat
2013,25 kg,Sombor,1375.0,Wheat
2013,25 kg,Subotica,700.0,Wheat
2013,25 kg,Subotica,1150.0,Wheat
2013,25 kg,Vranje,1250.0,Wheat
2013,25 kg,Zaječar,800.0,Wheat
2013,25 kg,Zaječar,1200.0,Wheat
2013,25 kg,Zrenjanin,1325.0,Wheat
2013,25 kg,Čačak,850.0,Wheat
2013,50 kg,Beograd,1550.0,Wheat
2013,50 kg,Beograd,2500.0,Wheat
2013,50 kg,Kikinda,1700.0,Wheat
2013,50 kg,Kragujevac,1675.0,Wheat
2013,50 kg,Kragujevac,1700.0,Wheat
2013,50 kg,Kragujevac,2300.0,Wheat
2013,50 kg,Kragujevac,2300.0,Wheat
2013,50 kg,Kraljevo,1700.0,Wheat
2013,50 kg,Kraljevo,2500.0,Wheat
2013,50 kg,Kraljevo,2450.0,Wheat
2013,50 kg,Loznica,1550.0,Wheat
2013,50 kg,Niš,1600.0,Wheat
2013,50 kg,Niš,2700.0,Wheat
2013,50 kg,Pirot,1750.0,Wheat
2013,50 kg,Požarevac,1600.0,Wheat
2013,50 kg,Požarevac,1550.0,Wheat
2013,50 kg,Požarevac,2300.0,Wheat
2013,50 kg,Smederevo,1650.0,Wheat
2013,50 kg,Smederevo,1550.0,Wheat
2013,50 kg,Sombor,1700.0,Wheat
2013,50 kg,Sombor,1600.0,Wheat
2013,50 kg,Sombor,2650.0,Wheat
2013,50 kg,Subotica,2300.0,Wheat
2013,50 kg,Vranje,1750.0,Wheat
2013,50 kg,Zrenjanin,1700.0,Wheat
2013,50 kg,Zrenjanin,2500.0,Wheat
2013,50 kg,Čačak,1700.0,Wheat
2014,25kg,Kikinda,900.0,Barley
2014,25kg,Loznica,1050.0,Barley
2014,25kg,Subotica,900.0,Barley
2014,40kg,Požarevac,1520.0,Barley
2014,40kg,Smederevo,1640.0,Barley
2014,45kg,Beograd,1710.0,Barley
2014,45kg,Kraljevo,1800.0,Barley
2014,45kg,Niš,1800.0,Barley
2014,45kg,Pirot,2025.0,Barley
2014,45kg,Požarevac,1732.0,Barley
2014,45kg,Smederevo,1710.0,Barley
2014,45kg,Vranje,1800.0,Barley
2014,45kg,Čačak,1620.0,Barley
2014,50kg,Beograd,1900.0,Barley
2014,50kg,Kragujevac,1650.0,Barley
2014,50kg,Kragujevac,1600.0,Barley
2014,50kg,Kraljevo,2100.0,Barley
2014,50kg,Niš,2000.0,Barley
2014,50kg,Novi Sad,1800.0,Barley
2014,50kg,Pančevo,2300.0,Barley
2014,50kg,Požarevac,1925.0,Barley
2014,50kg,Požarevac,1900.0,Barley
2014,50kg,Smederevo,2000.0,Barley
2014,50kg,Smederevo,1850.0,Barley
2014,50kg,Sombor,1900.0,Barley
2014,50kg,Sombor,1950.0,Barley
2014,50kg,Zaječar,2150.0,Barley
2014,50kg,Čačak,1820.0,Barley
2014,25000 sj,Beograd,4400.0,Corn
2014,25000 sj,Beograd,3950.0,Corn
2014,25000 sj,Beograd,3550.0,Corn
2014,25000 sj,Beograd,5470.0,Corn
2014,25000 sj,Beograd,5290.0,Corn
2014,25000 sj,Beograd,4830.0,Corn
2014,25000 sj,Beograd,4470.0,Corn
2014,25000 sj,Beograd,3300.0,Corn
2014,25000 sj,Beograd,3150.0,Corn
2014,25000 sj,Beograd,4950.0,Corn
2014,25000 sj,Beograd,4950.0,Corn
2014,25000 sj,Kikinda,3950.0,Corn
2014,25000 sj,Kikinda,3550.0,Corn
2014,25000 sj,Kikinda,3300.0,Corn
2014,25000 sj,Kikinda,5220.0,Corn
2014,25000 sj,Kikinda,4400.0,Corn
2014,25000 sj,Kikinda,4400.0,Corn
2014,25000 sj,Kikinda,3300.0,Corn
2014,25000 sj,Kikinda,3300.0,Corn
2014,25000 sj,Kikinda,4490.0,Corn
2014,25000 sj,Kikinda,4000.0,Corn
2014,25000 sj,Kikinda,4600.0,Corn
2014,25000 sj,Kikinda,3300.0,Corn
2014,25000 sj,Kragujevac,4150.0,Corn
2014,25000 sj,Kragujevac,4100.0,Corn
2014,25000 sj,Kragujevac,3700.0,Corn
2014,25000 sj,Kragujevac,3700.0,Corn
2014,25000 sj,Kragujevac,5370.0,Corn
2014,25000 sj,Kragujevac,3500.0,Corn
2014,25000 sj,Kragujevac,3450.0,Corn
2014,25000 sj,Kragujevac,3700.0,Corn
2014,25000 sj,Kragujevac,3600.0,Corn
2014,25000 sj,Kraljevo,4500.0,Corn
2014,25000 sj,Kraljevo,4100.0,Corn
2014,25000 sj,Kraljevo,3700.0,Corn
2014,25000 sj,Kraljevo,3700.0,Corn
2014,25000 sj,Kraljevo,3050.0,Corn
2014,25000 sj,Kraljevo,3260.0,Corn
2014,25000 sj,Kraljevo,4800.0,Corn
2014,25000 sj,Loznica,3400.0,Corn
2014,25000 sj,Loznica,3850.0,Corn
2014,25000 sj,Loznica,4400.0,Corn
2014,25000 sj,Loznica,4700.0,Corn
2014,25000 sj,Loznica,5100.0,Corn
2014,25000 sj,Loznica,5490.0,Corn
2014,25000 sj,Loznica,5750.0,Corn
2014,25000 sj,Loznica,2950.0,Corn
2014,25000 sj,Loznica,3600.0,Corn
2014,25000 sj,Loznica,4400.0,Corn
2014,25000 sj,Loznica,4250.0,Corn
2014,25000 sj,Loznica,4650.0,Corn
2014,25000 sj,Niš,4900.0,Corn
2014,25000 sj,Niš,4400.0,Corn
2014,25000 sj,Niš,4900.0,Corn
2014,25000 sj,Niš,5000.0,Corn
2014,25000 sj,Niš,5900.0,Corn
2014,25000 sj,Niš,4050.0,Corn
2014,25000 sj,Niš,4050.0,Corn
2014,25000 sj,Niš,4650.0,Corn
2014,25000 sj,Niš,5000.0,Corn
2014,25000 sj,Niš,5490.0,Corn
2014,25000 sj,Niš,3900.0,Corn
2014,25000 sj,Pančevo,4000.0,Corn
2014,25000 sj,Pančevo,3600.0,Corn
2014,25000 sj,Pančevo,3190.0,Corn
2014,25000 sj,Pančevo,6080.0,Corn
2014,25000 sj,Pančevo,5790.0,Corn
2014,25000 sj,Pančevo,5370.0,Corn
2014,25000 sj,Pančevo,4900.0,Corn
2014,25000 sj,Pančevo,3680.0,Corn
2014,25000 sj,Pančevo,3910.0,Corn
2014,25000 sj,Pančevo,4963.0,Corn
2014,25000 sj,Pančevo,4963.0,Corn
2014,25000 sj,Pirot,5000.0,Corn
2014,25000 sj,Pirot,3900.0,Corn
2014,25000 sj,Pirot,3900.0,Corn
2014,25000 sj,Pirot,5800.0,Corn
2014,25000 sj,Pirot,4100.0,Corn
2014,25000 sj,Pirot,4400.0,Corn
2014,25000 sj,Pirot,5000.0,Corn
2014,25000 sj,Požarevac,4450.0,Corn
2014,25000 sj,Požarevac,3800.0,Corn
2014,25000 sj,Požarevac,3750.0,Corn
2014,25000 sj,Požarevac,4000.0,Corn
2014,25000 sj,Požarevac,6150.0,Corn
2014,25000 sj,Požarevac,5900.0,Corn
2014,25000 sj,Požarevac,5375.0,Corn
2014,25000 sj,Požarevac,4975.0,Corn
2014,25000 sj,Požarevac,3600.0,Corn
2014,25000 sj,Požarevac,3150.0,Corn
2014,25000 sj,Požarevac,4800.0,Corn
2014,25000 sj,Požarevac,5250.0,Corn
2014,25000 sj,Požarevac,4850.0,Corn
2014,25000 sj,Smederevo,4400.0,Corn
2014,25000 sj,Smederevo,4000.0,Corn
2014,25000 sj,Smederevo,3540.0,Corn
2014,25000 sj,Smederevo,6120.0,Corn
2014,25000 sj,Smederevo,5850.0,Corn
2014,25000 sj,Smederevo,4350.0,Corn
2014,25000 sj,Smederevo,3550.0,Corn
2014,25000 sj,Smederevo,4850.0,Corn
2014,25000 sj,Smederevo,4150.0,Corn
2014,25000 sj,Sombor,4380.0,Corn
2014,25000 sj,Sombor,3900.0,Corn
2014,25000 sj,Sombor,3500.0,Corn
2014,25000 sj,Sombor,5450.0,Corn
2014,25000 sj,Sombor,4950.0,Corn
2014,25000 sj,Sombor,4600.0,Corn
2014,25000 sj,Sombor,3300.0,Corn
2014,25000 sj,Sombor,5500.0,Corn
2014,25000 sj,Sombor,4700.0,Corn
2014,25000 sj,Sombor,4400.0,Corn
2014,25000 sj,Sombor,4400.0,Corn
2014,25000 sj,Sremska Mitrovica,4500.0,Corn
2014,25000 sj,Sremska Mitrovica,4250.0,Corn
2014,25000 sj,Sremska Mitrovica,3750.0,Corn
2014,25000 sj,Sremska Mitrovica,5920.0,Corn
2014,25000 sj,Sremska Mitrovica,5665.0,Corn
2014,25000 sj,Sremska Mitrovica,5160.0,Corn
2014,25000 sj,Sremska Mitrovica,5000.0,Corn
2014,25000 sj,Sremska Mitrovica,3400.0,Corn
2014,25000 sj,Sremska Mitrovica,3150.0,Corn
2014,25000 sj,Sremska Mitrovica,4400.0,Corn
2014,25000 sj,Sremska Mitrovica,4200.0,Corn
2014,25000 sj,Sremska Mitrovica,4900.0,Corn
2014,25000 sj,Sremska Mitrovica,4900.0,Corn
2014,25000 sj,Sremska Mitrovica,4900.0,Corn
2014,25000 sj,Subotica,4380.0,Corn
2014,25000 sj,Subotica,3900.0,Corn
2014,25000 sj,Subotica,3500.0,Corn
2014,25000 sj,Subotica,5450.0,Corn
2014,25000 sj,Subotica,4950.0,Corn
2014,25000 sj,Subotica,4600.0,Corn
2014,25000 sj,Subotica,3300.0,Corn
2014,25000 sj,Subotica,5500.0,Corn
2014,25000 sj,Subotica,4700.0,Corn
2014,25000 sj,Subotica,4400.0,Corn
2014,25000 sj,Subotica,4400.0,Corn
2014,25000 sj,Vranje,4600.0,Corn
2014,25000 sj,Vranje,4200.0,Corn
2014,25000 sj,Vranje,3750.0,Corn
2014,25000 sj,Vranje,3750.0,Corn
2014,25000 sj,Vranje,5100.0,Corn
2014,25000 sj,Vranje,5100.0,Corn
2014,25000 sj,Vranje,4700.0,Corn
2014,25000 sj,Vranje,3400.0,Corn
2014,25000 sj,Vranje,3150.0,Corn
2014,25000 sj,Vranje,4650.0,Corn
2014,25000 sj,Vranje,4650.0,Corn
2014,25000 sj,Vranje,5490.0,Corn
2014,25000 sj,Zaječar,3995.0,Corn
2014,25000 sj,Zaječar,3740.0,Corn
2014,25000 sj,Zaječar,3490.0,Corn
2014,25000 sj,Zaječar,3490.0,Corn
2014,25000 sj,Zaječar,3190.0,Corn
2014,25000 sj,Zaječar,2990.0,Corn
2014,25000 sj,Zaječar,5190.0,Corn
2014,25000 sj,Zrenjanin,4540.0,Corn
2014,25000 sj,Zrenjanin,4340.0,Corn
2014,25000 sj,Zrenjanin,3610.0,Corn
2014,25000 sj,Zrenjanin,6510.0,Corn
2014,25000 sj,Zrenjanin,6230.0,Corn
2014,25000 sj,Zrenjanin,5680.0,Corn
2014,25000 sj,Zrenjanin,5490.0,Corn
2014,25000 sj,Zrenjanin,3300.0,Corn
2014,25000 sj,Zrenjanin,3440.0,Corn
2014,25000 sj,Zrenjanin,4640.0,Corn
2014,25000 sj,Zrenjanin,4410.0,Corn
2014,25000 sj,Zrenjanin,4900.0,Corn
2014,25000 sj,Zrenjanin,4900.0,Corn
2014,25000 sj,Zrenjanin,5350.0,Corn
2014,25000 sj,Zrenjanin,5350.0,Corn
2014,25000 sj,Čačak,4400.0,Corn
2014,25000 sj,Čačak,4400.0,Corn
2014,25000 sj,Čačak,4800.0,Corn
2014,25000sj,Beograd,3600.0,Corn
2014,25000sj,Beograd,4600.0,Corn
2014,25000sj,Kikinda,4300.0,Corn
2014,25000sj,Kikinda,4350.0,Corn
2014,25000sj,Kragujevac,4550.0,Corn
2014,25000sj,Loznica,4900.0,Corn
2014,25000sj,Niš,3900.0,Corn
2014,25000sj,Niš,4990.0,Corn
2014,25000sj,Pančevo,3516.0,Corn
2014,25000sj,Pančevo,4540.0,Corn
2014,25000sj,Požarevac,4550.0,Corn
2014,25000sj,Požarevac,4800.0,Corn
2014,25000sj,Smederevo,4420.0,Corn
2014,25000sj,Sombor,3400.0,Corn
2014,25000sj,Sombor,4400.0,Corn
2014,25000sj,Sremska Mitrovica,4500.0,Corn
2014,25000sj,Sremska Mitrovica,4600.0,Corn
2014,25000sj,Subotica,3400.0,Corn
2014,25000sj,Subotica,4400.0,Corn
2014,25000sj,Vranje,3890.0,Corn
2014,25000sj,Vranje,4990.0,Corn
2014,25000sj,Zaječar,3690.0,Corn
2014,25000sj,Zrenjanin,3780.0,Corn
2014,25000sj,Zrenjanin,4890.0,Corn
2014,25000sj,Čačak,4800.0,Corn
2014,30000sj,Beograd,4100.0,Corn
2014,30000sj,Kikinda,4000.0,Corn
2014,30000sj,Kikinda,3300.0,Corn
2014,30000sj,Loznica,4450.0,Corn
2014,30000sj,Loznica,4150.0,Corn
2014,30000sj,Loznica,3500.0,Corn
2014,30000sj,Niš,4990.0,Corn
2014,30000sj,Niš,5000.0,Corn
2014,30000sj,Pančevo,4554.0,Corn
2014,30000sj,Pančevo,4232.0,Corn
2014,30000sj,Pančevo,3572.0,Corn
2014,30000sj,Požarevac,3740.0,Corn
2014,30000sj,Požarevac,4530.0,Corn
2014,30000sj,Smederevo,4500.0,Corn
2014,30000sj,Sombor,4400.0,Corn
2014,30000sj,Sombor,4250.0,Corn
2014,30000sj,Sremska Mitrovica,4700.0,Corn
2014,30000sj,Sremska Mitrovica,3700.0,Corn
2014,30000sj,Subotica,4400.0,Corn
2014,30000sj,Subotica,4250.0,Corn
2014,30000sj,Zaječar,3550.0,Corn
2014,30000sj,Zaječar,3550.0,Corn
2014,30000sj,Zaječar,4250.0,Corn
2014,30000sj,Zrenjanin,4800.0,Corn
2014,30000sj,Zrenjanin,4460.0,Corn
2014,30000sj,Zrenjanin,3700.0,Corn
2014,25 kg,Beograd,850.0,Wheat
2014,25 kg,Kikinda,1325.0,Wheat
2014,25 kg,Kikinda,1400.0,Wheat
2014,25 kg,Kraljevo,850.0,Wheat
2014,25 kg,Kraljevo,1590.0,Wheat
2014,25 kg,Loznica,1375.0,Wheat
2014,25 kg,Niš,850.0,Wheat
2014,25 kg,Niš,1425.0,Wheat
2014,25 kg,Niš,1400.0,Wheat
2014,25 kg,Novi Sad,900.0,Wheat
2014,25 kg,Novi Sad,1200.0,Wheat
2014,25 kg,Novi Sad,1338.0,Wheat
2014,25 kg,Novi Sad,1440.0,Wheat
2014,25 kg,Pančevo,1375.0,Wheat
2014,25 kg,Pančevo,1375.0,Wheat
2014,25 kg,Pančevo,1375.0,Wheat
2014,25 kg,Pančevo,1375.0,Wheat
2014,25 kg,Pirot,925.0,Wheat
2014,25 kg,Požarevac,825.0,Wheat
2014,25 kg,Požarevac,1400.0,Wheat
2014,25 kg,Požarevac,1400.0,Wheat
2014,25 kg,Smederevo,825.0,Wheat
2014,25 kg,Smederevo,1400.0,Wheat
2014,25 kg,Smederevo,1450.0,Wheat
2014,25 kg,Smederevo,1375.0,Wheat
2014,25 kg,Sombor,900.0,Wheat
2014,25 kg,Subotica,625.0,Wheat
2014,25 kg,Vranje,1375.0,Wheat
2014,25 kg,Vranje,1250.0,Wheat
2014,25 kg,Zaječar,825.0,Wheat
2014,25 kg,Zaječar,1325.0,Wheat
2014,25 kg,Zrenjanin,1485.0,Wheat
2014,25 kg,Čačak,850.0,Wheat
2014,25 kg,Čačak,1250.0,Wheat
2014,30 kg,Subotica,1470.0,Wheat
2014,30 kg,Zrenjanin,1530.0,Wheat
2014,50 kg,Beograd,1650.0,Wheat
2014,50 kg,Beograd,2550.0,Wheat
2014,50 kg,Kikinda,1450.0,Wheat
2014,50 kg,Kragujevac,1650.0,Wheat
2014,50 kg,Kragujevac,1600.0,Wheat
2014,50 kg,Kragujevac,2200.0,Wheat
2014,50 kg,Kragujevac,2200.0,Wheat
2014,50 kg,Kraljevo,1600.0,Wheat
2014,50 kg,Loznica,1550.0,Wheat
2014,50 kg,Niš,1700.0,Wheat
2014,50 kg,Niš,2850.0,Wheat
2014,50 kg,Niš,2800.0,Wheat
2014,50 kg,Novi Sad,1800.0,Wheat
2014,50 kg,Novi Sad,2400.0,Wheat
2014,50 kg,Novi Sad,2675.0,Wheat
2014,50 kg,Pančevo,1650.0,Wheat
2014,50 kg,Pirot,1850.0,Wheat
2014,50 kg,Pirot,3100.0,Wheat
2014,50 kg,Požarevac,1650.0,Wheat
2014,50 kg,Požarevac,1650.0,Wheat
2014,50 kg,Požarevac,2750.0,Wheat
2014,50 kg,Požarevac,2800.0,Wheat
2014,50 kg,Smederevo,1600.0,Wheat
2014,50 kg,Smederevo,2750.0,Wheat
2014,50 kg,Smederevo,2800.0,Wheat
2014,50 kg,Sombor,1750.0,Wheat
2014,50 kg,Sombor,1700.0,Wheat
2014,50 kg,Sombor,3000.0,Wheat
2014,50 kg,Sombor,3000.0,Wheat
2014,50 kg,Sombor,3000.0,Wheat
2014,50 kg,Subotica,1500.0,Wheat
2014,50 kg,Subotica,2600.0,Wheat
2014,50 kg,Vranje,1700.0,Wheat
2014,50 kg,Zaječar,1650.0,Wheat
2014,50 kg,Zaječar,2650.0,Wheat
2014,50 kg,Zrenjanin,2000.0,Wheat
2014,50 kg,Čačak,1700.0,Wheat
2014,50 kg,Čačak,2450.0,Wheat
2015,,Beograd,2250.0,Barley
2015,,Subotica,2050.0,Barley
2015,25kg,Kikinda,925.0,Barley
2015,25kg,Kragujevac,1050.0,Barley
2015,25kg,Loznica,975.0,Barley
2015,25kg,Niš,1050.0,Barley
2015,25kg,Pančevo,1125.0,Barley
2015,25kg,Požarevac,1050.0,Barley
2015,25kg,Sombor,1325.0,Barley
2015,25kg,Sremska Mitrovica,900.0,Barley
2015,25kg,Vranje,1100.0,Barley
2015,25kg,Vranje,1300.0,Barley
2015,25kg,Zaječar,1100.0,Barley
2015,25kg,Čačak,1100.0,Barley
2015,40kg,Kragujevac,1600.0,Barley
2015,40kg,Smederevo,1720.0,Barley
2015,45kg,Kragujevac,1800.0,Barley
2015,45kg,Požarevac,1800.0,Barley
2015,45kg,Sremska Mitrovica,1620.0,Barley
2015,45kg,Zaječar,1980.0,Barley
2015,45kg,Čačak,1980.0,Barley
2015,50kg,Beograd,2050.0,Barley
2015,50kg,Beograd,2700.0,Barley
2015,50kg,Kikinda,2550.0,Barley
2015,50kg,Kragujevac,2100.0,Barley
2015,50kg,Kragujevac,2000.0,Barley
2015,50kg,Kraljevo,2200.0,Barley
2015,50kg,Pirot,2300.0,Barley
2015,50kg,Požarevac,2000.0,Barley
2015,50kg,Požarevac,2050.0,Barley
2015,50kg,Smederevo,2250.0,Barley
2015,50kg,Smederevo,2100.0,Barley
2015,50kg,Sremska Mitrovica,1800.0,Barley
2015,50kg,Zaječar,2200.0,Barley
2015,50kg,Čačak,2200.0,Barley
2015,25000 sj,Beograd,4450.0,Corn
2015,25000 sj,Beograd,4000.0,Corn
2015,25000 sj,Beograd,3500.0,Corn
2015,25000 sj,Beograd,6000.0,Corn
2015,25000 sj,Beograd,5670.0,Corn
2015,25000 sj,Beograd,5100.0,Corn
2015,25000 sj,Beograd,4700.0,Corn
2015,25000 sj,Beograd,4350.0,Corn
2015,25000 sj,Beograd,4100.0,Corn
2015,25000 sj,Beograd,4590.0,Corn
2015,25000 sj,Kikinda,3950.0,Corn
2015,25000 sj,Kikinda,3550.0,Corn
2015,25000 sj,Kikinda,3300.0,Corn
2015,25000 sj,Kikinda,5220.0,Corn
2015,25000 sj,Kikinda,4400.0,Corn
2015,25000 sj,Kikinda,4400.0,Corn
2015,25000 sj,Kikinda,3300.0,Corn
2015,25000 sj,Kikinda,3300.0,Corn
2015,25000 sj,Kikinda,4490.0,Corn
2015,25000 sj,Kikinda,4000.0,Corn
2015,25000 sj,Kikinda,4600.0,Corn
2015,25000 sj,Kragujevac,4800.0,Corn
2015,25000 sj,Kragujevac,4500.0,Corn
2015,25000 sj,Kragujevac,4000.0,Corn
2015,25000 sj,Kragujevac,7000.0,Corn
2015,25000 sj,Kragujevac,6600.0,Corn
2015,25000 sj,Kragujevac,6400.0,Corn
2015,25000 sj,Kragujevac,5600.0,Corn
2015,25000 sj,Kragujevac,4800.0,Corn
2015,25000 sj,Kragujevac,4600.0,Corn
2015,25000 sj,Kragujevac,5050.0,Corn
2015,25000 sj,Kragujevac,5300.0,Corn
2015,25000 sj,Kraljevo,4990.0,Corn
2015,25000 sj,Kraljevo,4490.0,Corn
2015,25000 sj,Kraljevo,3990.0,Corn
2015,25000 sj,Kraljevo,4400.0,Corn
2015,25000 sj,Kraljevo,4400.0,Corn
2015,25000 sj,Loznica,4100.0,Corn
2015,25000 sj,Loznica,4200.0,Corn
2015,25000 sj,Loznica,3600.0,Corn
2015,25000 sj,Loznica,4750.0,Corn
2015,25000 sj,Loznica,4400.0,Corn
2015,25000 sj,Loznica,4500.0,Corn
2015,25000 sj,Loznica,4400.0,Corn
2015,25000 sj,Niš,4590.0,Corn
2015,25000 sj,Niš,4100.0,Corn
2015,25000 sj,Niš,3800.0,Corn
2015,25000 sj,Niš,4840.0,Corn
2015,25000 sj,Niš,4840.0,Corn
2015,25000 sj,Niš,4300.0,Corn
2015,25000 sj,Niš,4226.0,Corn
2015,25000 sj,Niš,4290.0,Corn
2015,25000 sj,Niš,3800.0,Corn
2015,25000 sj,Novi Sad,4590.0,Corn
2015,25000 sj,Novi Sad,4100.0,Corn
2015,25000 sj,Novi Sad,3800.0,Corn
2015,25000 sj,Novi Sad,4840.0,Corn
2015,25000 sj,Novi Sad,4840.0,Corn
2015,25000 sj,Novi Sad,4300.0,Corn
2015,25000 sj,Novi Sad,4226.0,Corn
2015,25000 sj,Novi Sad,4290.0,Corn
2015,25000 sj,Novi Sad,3800.0,Corn
2015,25000 sj,Pančevo,4300.0,Corn
2015,25000 sj,Pančevo,3900.0,Corn
2015,25000 sj,Pančevo,5590.0,Corn
2015,25000 sj,Pančevo,5346.0,Corn
2015,25000 sj,Pančevo,4873.0,Corn
2015,25000 sj,Pančevo,4708.0,Corn
2015,25000 sj,Pančevo,4000.0,Corn
2015,25000 sj,Pančevo,4000.0,Corn
2015,25000 sj,Pančevo,4590.0,Corn
2015,25000 sj,Pančevo,3800.0,Corn
2015,25000 sj,Pančevo,3800.0,Corn
2015,25000 sj,Pirot,6000.0,Corn
2015,25000 sj,Pirot,4500.0,Corn
2015,25000 sj,Pirot,4000.0,Corn
2015,25000 sj,Pirot,4840.0,Corn
2015,25000 sj,Požarevac,4530.0,Corn
2015,25000 sj,Požarevac,4080.0,Corn
2015,25000 sj,Požarevac,3600.0,Corn
2015,25000 sj,Požarevac,5700.0,Corn
2015,25000 sj,Požarevac,5450.0,Corn
2015,25000 sj,Požarevac,4790.0,Corn
2015,25000 sj,Požarevac,4370.0,Corn
2015,25000 sj,Požarevac,4370.0,Corn
2015,25000 sj,Požarevac,4700.0,Corn
2015,25000 sj,Požarevac,4150.0,Corn
2015,25000 sj,Požarevac,3600.0,Corn
2015,25000 sj,Smederevo,4900.0,Corn
2015,25000 sj,Smederevo,4250.0,Corn
2015,25000 sj,Smederevo,3650.0,Corn
2015,25000 sj,Smederevo,5670.0,Corn
2015,25000 sj,Smederevo,3720.0,Corn
2015,25000 sj,Smederevo,4900.0,Corn
2015,25000 sj,Smederevo,4000.0,Corn
2015,25000 sj,Sombor,3590.0,Corn
2015,25000 sj,Sombor,3900.0,Corn
2015,25000 sj,Sombor,4390.0,Corn
2015,25000 sj,Sombor,4500.0,Corn
2015,25000 sj,Sombor,4950.0,Corn
2015,25000 sj,Sombor,5450.0,Corn
2015,25000 sj,Sombor,5680.0,Corn
2015,25000 sj,Sombor,4150.0,Corn
2015,25000 sj,Sombor,4150.0,Corn
2015,25000 sj,Sombor,5000.0,Corn
2015,25000 sj,Sombor,5100.0,Corn
2015,25000 sj,Sombor,4500.0,Corn
2015,25000 sj,Sombor,4500.0,Corn
2015,25000 sj,Sombor,4200.0,Corn
2015,25000 sj,Sombor,3900.0,Corn
2015,25000 sj,Sremska Mitrovica,4200.0,Corn
2015,25000 sj,Sremska Mitrovica,4200.0,Corn
2015,25000 sj,Sremska Mitrovica,4200.0,Corn
2015,25000 sj,Sremska Mitrovica,4200.0,Corn
2015,25000 sj,Sremska Mitrovica,4800.0,Corn
2015,25000 sj,Sremska Mitrovica,4400.0,Corn
2015,25000 sj,Subotica,3942.0,Corn
2015,25000 sj,Subotica,3547.0,Corn
2015,25000 sj,Subotica,3152.0,Corn
2015,25000 sj,Subotica,3140.0,Corn
2015,25000 sj,Subotica,4800.0,Corn
2015,25000 sj,Subotica,4270.0,Corn
2015,25000 sj,Subotica,4270.0,Corn
2015,25000 sj,Subotica,3800.0,Corn
2015,25000 sj,Subotica,3730.0,Corn
2015,25000 sj,Subotica,3900.0,Corn
2015,25000 sj,Subotica,4070.0,Corn
2015,25000 sj,Subotica,4070.0,Corn
2015,25000 sj,Subotica,4500.0,Corn
2015,25000 sj,Subotica,4530.0,Corn
2015,25000 sj,Subotica,3875.0,Corn
2015,25000 sj,Subotica,3200.0,Corn
2015,25000 sj,Vranje,3800.0,Corn
2015,25000 sj,Vranje,4300.0,Corn
2015,25000 sj,Vranje,4890.0,Corn
2015,25000 sj,Vranje,4400.0,Corn
2015,25000 sj,Vranje,4500.0,Corn
2015,25000 sj,Vranje,4500.0,Corn
2015,25000 sj,Zaječar,4590.0,Corn
2015,25000 sj,Zaječar,4100.0,Corn
2015,25000 sj,Zaječar,3850.0,Corn
2015,25000 sj,Zaječar,3600.0,Corn
2015,25000 sj,Zaječar,4090.0,Corn
2015,25000 sj,Zaječar,4090.0,Corn
2015,25000 sj,Zaječar,4280.0,Corn
2015,25000 sj,Zaječar,3800.0,Corn
2015,25000 sj,Zrenjanin,4968.0,Corn
2015,25000 sj,Zrenjanin,4468.0,Corn
2015,25000 sj,Zrenjanin,3770.0,Corn
2015,25000 sj,Zrenjanin,6760.0,Corn
2015,25000 sj,Zrenjanin,5665.0,Corn
2015,25000 sj,Zrenjanin,5159.0,Corn
2015,25000 sj,Zrenjanin,4796.0,Corn
2015,25000 sj,Zrenjanin,4796.0,Corn
2015,25000 sj,Zrenjanin,4400.0,Corn
2015,25000 sj,Zrenjanin,4400.0,Corn
2015,25000 sj,Zrenjanin,4620.0,Corn
2015,25000 sj,Zrenjanin,4540.0,Corn
2015,25000 sj,Čačak,4990.0,Corn
2015,25000 sj,Čačak,4490.0,Corn
2015,25000 sj,Čačak,3990.0,Corn
2015,25000 sj,Čačak,4400.0,Corn
2015,25000 sj,Čačak,4400.0,Corn
2015,25000sj,Beograd,4600.0,Corn
2015,25000sj,Kikinda,3300.0,Corn
2015,25000sj,Kikinda,4300.0,Corn
2015,25000sj,Kragujevac,4300.0,Corn
2015,25000sj,Kragujevac,5600.0,Corn
2015,25000sj,Niš,4750.0,Corn
2015,25000sj,Niš,3785.0,Corn
2015,25000sj,Novi Sad,4750.0,Corn
2015,25000sj,Novi Sad,3785.0,Corn
2015,25000sj,Pančevo,3800.0,Corn
2015,25000sj,Pančevo,3800.0,Corn
2015,25000sj,Požarevac,3700.0,Corn
2015,25000sj,Požarevac,4800.0,Corn
2015,25000sj,Smederevo,4400.0,Corn
2015,25000sj,Sombor,3900.0,Corn
2015,25000sj,Sombor,4600.0,Corn
2015,25000sj,Subotica,3200.0,Corn
2015,25000sj,Subotica,4295.0,Corn
2015,25000sj,Vranje,4890.0,Corn
2015,25000sj,Zaječar,3800.0,Corn
2015,25000sj,Zaječar,4750.0,Corn
2015,25000sj,Zrenjanin,3978.0,Corn
2015,25000sj,Zrenjanin,4540.0,Corn
2015,30000sj,Beograd,4200.0,Corn
2015,30000sj,Beograd,3890.0,Corn
2015,30000sj,Beograd,3300.0,Corn
2015,30000sj,Kikinda,4350.0,Corn
2015,30000sj,Kikinda,4000.0,Corn
2015,30000sj,Kikinda,3300.0,Corn
2015,30000sj,Kragujevac,4700.0,Corn
2015,30000sj,Kragujevac,4000.0,Corn
2015,30000sj,Loznica,4650.0,Corn
2015,30000sj,Loznica,4350.0,Corn
2015,30000sj,Loznica,4000.0,Corn
2015,30000sj,Niš,3500.0,Corn
2015,30000sj,Niš,3500.0,Corn
2015,30000sj,Novi Sad,3500.0,Corn
2015,30000sj,Novi Sad,3500.0,Corn
2015,30000sj,Pančevo,3980.0,Corn
2015,30000sj,Pančevo,3780.0,Corn
2015,30000sj,Pančevo,3190.0,Corn
2015,30000sj,Pirot,5000.0,Corn
2015,30000sj,Požarevac,4050.0,Corn
2015,30000sj,Smederevo,4430.0,Corn
2015,30000sj,Sombor,3950.0,Corn
2015,30000sj,Sombor,4250.0,Corn
2015,30000sj,Sombor,4250.0,Corn
2015,30000sj,Sremska Mitrovica,4000.0,Corn
2015,30000sj,Sremska Mitrovica,4000.0,Corn
2015,30000sj,Sremska Mitrovica,4000.0,Corn
2015,30000sj,Subotica,3780.0,Corn
2015,30000sj,Subotica,3000.0,Corn
2015,30000sj,Subotica,3000.0,Corn
2015,30000sj,Zaječar,4390.0,Corn
2015,30000sj,Zaječar,3720.0,Corn
2015,30000sj,Zaječar,3720.0,Corn
2015,30000sj,Zrenjanin,4356.0,Corn
2015,30000sj,Zrenjanin,4048.0,Corn
2015,30000sj,Zrenjanin,3432.0,Corn
2015,25 kg,Kikinda,1425.0,Wheat
2015,25 kg,Kraljevo,900.0,Wheat
2015,25 kg,Loznica,775.0,Wheat
2015,25 kg,Niš,1375.0,Wheat
2015,25 kg,Niš,1450.0,Wheat
2015,25 kg,Niš,1250.0,Wheat
2015,25 kg,Pančevo,1400.0,Wheat
2015,25 kg,Pančevo,1400.0,Wheat
2015,25 kg,Pančevo,1300.0,Wheat
2015,25 kg,Pančevo,1400.0,Wheat
2015,25 kg,Pirot,1450.0,Wheat
2015,25 kg,Požarevac,830.0,Wheat
2015,25 kg,Požarevac,1500.0,Wheat
2015,25 kg,Požarevac,1500.0,Wheat
2015,25 kg,Smederevo,825.0,Wheat
2015,25 kg,Smederevo,1400.0,Wheat
2015,25 kg,Sombor,1325.0,Wheat
2015,25 kg,Sremska Mitrovica,800.0,Wheat
2015,25 kg,Sremska Mitrovica,1300.0,Wheat
2015,25 kg,Sremska Mitrovica,1575.0,Wheat
2015,25 kg,Sremska Mitrovica,1575.0,Wheat
2015,25 kg,Sremska Mitrovica,1375.0,Wheat
2015,25 kg,Subotica,1400.0,Wheat
2015,25 kg,Vranje,1450.0,Wheat
2015,25 kg,Zaječar,800.0,Wheat
2015,25 kg,Čačak,825.0,Wheat
2015,25 kg,Čačak,1550.0,Wheat
2015,25 kg,Čačak,1400.0,Wheat
2015,30 kg,Beograd,1590.0,Wheat
2015,30 kg,Niš,1650.0,Wheat
2015,30 kg,Smederevo,1560.0,Wheat
2015,30 kg,Sremska Mitrovica,1890.0,Wheat
2015,50 kg,Beograd,1550.0,Wheat
2015,50 kg,Kikinda,1800.0,Wheat
2015,50 kg,Kraljevo,1800.0,Wheat
2015,50 kg,Niš,1600.0,Wheat
2015,50 kg,Pančevo,1600.0,Wheat
2015,50 kg,Pirot,1700.0,Wheat
2015,50 kg,Pirot,2800.0,Wheat
2015,50 kg,Požarevac,1550.0,Wheat
2015,50 kg,Požarevac,1600.0,Wheat
2015,50 kg,Požarevac,3000.0,Wheat
2015,50 kg,Smederevo,1600.0,Wheat
2015,50 kg,Smederevo,1600.0,Wheat
2015,50 kg,Smederevo,2700.0,Wheat
2015,50 kg,Sombor,1750.0,Wheat
2015,50 kg,Sombor,3250.0,Wheat
2015,50 kg,Sombor,3250.0,Wheat
2015,50 kg,Sremska Mitrovica,1600.0,Wheat
2015,50 kg,Sremska Mitrovica,2600.0,Wheat
2015,50 kg,Sremska Mitrovica,3150.0,Wheat
2015,50 kg,Subotica,1350.0,Wheat
2015,50 kg,Subotica,1350.0,Wheat
2015,50 kg,Subotica,2450.0,Wheat
2015,50 kg,Subotica,2800.0,Wheat
2015,50 kg,Vranje,1700.0,Wheat
2015,50 kg,Zaječar,1600.0,Wheat
2015,50 kg,Čačak,1650.0,Wheat
2015,50 kg,Čačak,3100.0,Wheat
2016,25 kg,Kikinda,1050.0,Barley
2016,25 kg,Pirot,1050.0,Barley
2016,25 kg,Subotica,1300.0,Barley
2016,25kg,Beograd,975.0,Barley
2016,25kg,Kikinda,1213.0,Barley
2016,25kg,Kragujevac,1100.0,Barley
2016,25kg,Kragujevac,1200.0,Barley
2016,25kg,Kraljevo,1020.0,Barley
2016,25kg,Loznica,925.0,Barley
2016,25kg,Niš,900.0,Barley
2016,25kg,Niš,1050.0,Barley
2016,25kg,Novi Sad,1020.0,Barley
2016,25kg,Novi Sad,1200.0,Barley
2016,25kg,Pančevo,1175.0,Barley
2016,25kg,Pančevo,1150.0,Barley
2016,25kg,Požarevac,1125.0,Barley
2016,25kg,Smederevo,1100.0,Barley
2016,25kg,Smederevo,1150.0,Barley
2016,25kg,Zrenjanin,1250.0,Barley
2016,25kg,Zrenjanin,1200.0,Barley
2016,40kg,Kragujevac,1050.0,Barley
2016,40kg,Pančevo,1600.0,Barley
2016,45kg,Kragujevac,1800.0,Barley
2016,45kg,Pančevo,2000.0,Barley
2016,45kg,Zrenjanin,2250.0,Barley
2016,50 kg,Beograd,2200.0,Barley
2016,50 kg,Beograd,1950.0,Barley
2016,50 kg,Kragujevac,1100.0,Barley
2016,50 kg,Kraljevo,1140.0,Barley
2016,50 kg,Niš,1800.0,Barley
2016,50 kg,Pančevo,2250.0,Barley
2016,50 kg,Pirot,2100.0,Barley
2016,50 kg,Požarevac,2250.0,Barley
2016,50 kg,Smederevo,2250.0,Barley
2016,50 kg,Subotica,2150.0,Barley
2016,50 kg,Vranje,1050.0,Barley
2016,50 kg,Zaječar,2300.0,Barley
2016,50 kg,Zrenjanin,1138.0,Barley
2016,50 kg,Čačak,2250.0,Barley
2016,50kg,Kragujevac,1900.0,Barley
2016,50kg,Loznica,1850.0,Barley
2016,50kg,Novi Sad,2040.0,Barley
2016,50kg,Pančevo,2200.0,Barley
2016,50kg,Pančevo,2300.0,Barley
2016,50kg,Požarevac,2500.0,Barley
2016,50kg,Smederevo,2650.0,Barley
2016,50kg,Vranje,2500.0,Barley
2016,50kg,Zaječar,2400.0,Barley
2016,50kg,Zrenjanin,2500.0,Barley
2016,50kg,Zrenjanin,2600.0,Barley
2016,50kg,Čačak,2250.0,Barley
2016,50kg,Čačak,2100.0,Barley
2016,25000 sj,Beograd,4170.0,Corn
2016,25000 sj,Beograd,3650.0,Corn
2016,25000 sj,Beograd,3350.0,Corn
2016,25000 sj,Beograd,6200.0,Corn
2016,25000 sj,Beograd,4840.0,Corn
2016,25000 sj,Beograd,4350.0,Corn
2016,25000 sj,Beograd,3850.0,Corn
2016,25000 sj,Beograd,3470.0,Corn
2016,25000 sj,Beograd,4200.0,Corn
2016,25000 sj,Beograd,3700.0,Corn
2016,25000 sj,Kikinda,4035.0,Corn
2016,25000 sj,Kikinda,3630.0,Corn
2016,25000 sj,Kikinda,3230.0,Corn
2016,25000 sj,Kikinda,5220.0,Corn
2016,25000 sj,Kikinda,4400.0,Corn
2016,25000 sj,Kikinda,4070.0,Corn
2016,25000 sj,Kikinda,4000.0,Corn
2016,25000 sj,Kikinda,3550.0,Corn
2016,25000 sj,Kikinda,3650.0,Corn
2016,25000 sj,Kikinda,4300.0,Corn
2016,25000 sj,Kikinda,4020.0,Corn
2016,25000 sj,Kikinda,4500.0,Corn
2016,25000 sj,Kikinda,4100.0,Corn
2016,25000 sj,Kragujevac,4390.0,Corn
2016,25000 sj,Kragujevac,3990.0,Corn
2016,25000 sj,Kragujevac,3650.0,Corn
2016,25000 sj,Kragujevac,4790.0,Corn
2016,25000 sj,Kragujevac,4790.0,Corn
2016,25000 sj,Kragujevac,3800.0,Corn
2016,25000 sj,Kragujevac,3800.0,Corn
2016,25000 sj,Kragujevac,4700.0,Corn
2016,25000 sj,Kraljevo,4990.0,Corn
2016,25000 sj,Kraljevo,3990.0,Corn
2016,25000 sj,Kraljevo,3990.0,Corn
2016,25000 sj,Kraljevo,4400.0,Corn
2016,25000 sj,Kraljevo,3918.0,Corn
2016,25000 sj,Loznica,4200.0,Corn
2016,25000 sj,Loznica,3800.0,Corn
2016,25000 sj,Loznica,3350.0,Corn
2016,25000 sj,Loznica,6300.0,Corn
2016,25000 sj,Loznica,5500.0,Corn
2016,25000 sj,Loznica,4850.0,Corn
2016,25000 sj,Loznica,4400.0,Corn
2016,25000 sj,Loznica,3800.0,Corn
2016,25000 sj,Loznica,3800.0,Corn
2016,25000 sj,Loznica,3870.0,Corn
2016,25000 sj,Loznica,3700.0,Corn
2016,25000 sj,Niš,4400.0,Corn
2016,25000 sj,Niš,3800.0,Corn
2016,25000 sj,Niš,4626.0,Corn
2016,25000 sj,Niš,4000.0,Corn
2016,25000 sj,Niš,4100.0,Corn
2016,25000 sj,Niš,4100.0,Corn
2016,25000 sj,Niš,4200.0,Corn
2016,25000 sj,Novi Sad,4120.0,Corn
2016,25000 sj,Novi Sad,3630.0,Corn
2016,25000 sj,Novi Sad,3500.0,Corn
2016,25000 sj,Novi Sad,5800.0,Corn
2016,25000 sj,Novi Sad,4400.0,Corn
2016,25000 sj,Novi Sad,4070.0,Corn
2016,25000 sj,Novi Sad,4000.0,Corn
2016,25000 sj,Novi Sad,4400.0,Corn
2016,25000 sj,Novi Sad,3980.0,Corn
2016,25000 sj,Novi Sad,4300.0,Corn
2016,25000 sj,Novi Sad,4050.0,Corn
2016,25000 sj,Novi Sad,4500.0,Corn
2016,25000 sj,Novi Sad,4500.0,Corn
2016,25000 sj,Novi Sad,4100.0,Corn
2016,25000 sj,Pirot,4980.0,Corn
2016,25000 sj,Pirot,4480.0,Corn
2016,25000 sj,Pirot,4450.0,Corn
2016,25000 sj,Pirot,4450.0,Corn
2016,25000 sj,Požarevac,4200.0,Corn
2016,25000 sj,Požarevac,3800.0,Corn
2016,25000 sj,Požarevac,3450.0,Corn
2016,25000 sj,Požarevac,6200.0,Corn
2016,25000 sj,Požarevac,5000.0,Corn
2016,25000 sj,Požarevac,4600.0,Corn
2016,25000 sj,Požarevac,4200.0,Corn
2016,25000 sj,Požarevac,4100.0,Corn
2016,25000 sj,Požarevac,3800.0,Corn
2016,25000 sj,Požarevac,4100.0,Corn
2016,25000 sj,Požarevac,4300.0,Corn
2016,25000 sj,Požarevac,3750.0,Corn
2016,25000 sj,Požarevac,3900.0,Corn
2016,25000 sj,Smederevo,4300.0,Corn
2016,25000 sj,Smederevo,4100.0,Corn
2016,25000 sj,Smederevo,3350.0,Corn
2016,25000 sj,Smederevo,5100.0,Corn
2016,25000 sj,Smederevo,5400.0,Corn
2016,25000 sj,Smederevo,3820.0,Corn
2016,25000 sj,Smederevo,3800.0,Corn
2016,25000 sj,Sombor,3300.0,Corn
2016,25000 sj,Sombor,3800.0,Corn
2016,25000 sj,Sombor,4000.0,Corn
2016,25000 sj,Sombor,4900.0,Corn
2016,25000 sj,Sombor,5200.0,Corn
2016,25000 sj,Sombor,5900.0,Corn
2016,25000 sj,Sombor,3600.0,Corn
2016,25000 sj,Sombor,4000.0,Corn
2016,25000 sj,Sombor,4100.0,Corn
2016,25000 sj,Sombor,3500.0,Corn
2016,25000 sj,Subotica,3300.0,Corn
2016,25000 sj,Subotica,3800.0,Corn
2016,25000 sj,Subotica,4000.0,Corn
2016,25000 sj,Subotica,4900.0,Corn
2016,25000 sj,Subotica,5200.0,Corn
2016,25000 sj,Subotica,6000.0,Corn
2016,25000 sj,Subotica,3600.0,Corn
2016,25000 sj,Subotica,4000.0,Corn
2016,25000 sj,Subotica,4200.0,Corn
2016,25000 sj,Subotica,3500.0,Corn
2016,25000 sj,Vranje,4890.0,Corn
2016,25000 sj,Vranje,4390.0,Corn
2016,25000 sj,Vranje,3890.0,Corn
2016,25000 sj,Vranje,4090.0,Corn
2016,25000 sj,Vranje,4190.0,Corn
2016,25000 sj,Zaječar,4690.0,Corn
2016,25000 sj,Zaječar,4190.0,Corn
2016,25000 sj,Zaječar,3690.0,Corn
2016,25000 sj,Zaječar,6300.0,Corn
2016,25000 sj,Zaječar,5100.0,Corn
2016,25000 sj,Zaječar,4900.0,Corn
2016,25000 sj,Zaječar,4900.0,Corn
2016,25000 sj,Zaječar,3800.0,Corn
2016,25000 sj,Zaječar,3850.0,Corn
2016,25000 sj,Zaječar,3950.0,Corn
2016,25000 sj,Zrenjanin,4741.0,Corn
2016,25000 sj,Zrenjanin,4265.0,Corn
2016,25000 sj,Zrenjanin,3790.0,Corn
2016,25000 sj,Zrenjanin,5420.0,Corn
2016,25000 sj,Zrenjanin,4985.0,Corn
2016,25000 sj,Zrenjanin,4820.0,Corn
2016,25000 sj,Zrenjanin,4370.0,Corn
2016,25000 sj,Zrenjanin,4366.0,Corn
2016,25000 sj,Zrenjanin,4366.0,Corn
2016,25000 sj,Zrenjanin,4228.0,Corn
2016,25000 sj,Zrenjanin,3950.0,Corn
2016,25000 sj,Zrenjanin,5515.0,Corn
2016,25000 sj,Zrenjanin,3895.0,Corn
2016,25000 sj,Zrenjanin,4250.0,Corn
2016,25000 sj,Čačak,4000.0,Corn
2016,25000 sj,Čačak,5000.0,Corn
2016,25000 sj,Čačak,4000.0,Corn
2016,25000 sj,Čačak,5000.0,Corn
2016,25000sj,Beograd,4100.0,Corn
2016,25000sj,Kikinda,3330.0,Corn
2016,25000sj,Kikinda,4000.0,Corn
2016,25000sj,Loznica,4250.0,Corn
2016,25000sj,Niš,3900.0,Corn
2016,25000sj,Niš,4550.0,Corn
2016,25000sj,Novi Sad,3330.0,Corn
2016,25000sj,Novi Sad,4000.0,Corn
2016,25000sj,Požarevac,3500.0,Corn
2016,25000sj,Požarevac,4200.0,Corn
2016,25000sj,Sombor,3700.0,Corn
2016,25000sj,Subotica,3700.0,Corn
2016,25000sj,Vranje,4590.0,Corn
2016,25000sj,Zaječar,3690.0,Corn
2016,25000sj,Zaječar,4300.0,Corn
2016,25000sj,Zrenjanin,4250.0,Corn
2016,25000sj,Zrenjanin,4250.0,Corn
2016,30000sj,Beograd,4060.0,Corn
2016,30000sj,Beograd,3650.0,Corn
2016,30000sj,Beograd,3200.0,Corn
2016,30000sj,Kikinda,3600.0,Corn
2016,30000sj,Kikinda,3050.0,Corn
2016,30000sj,Kikinda,3300.0,Corn
2016,30000sj,Kragujevac,4500.0,Corn
2016,30000sj,Loznica,3600.0,Corn
2016,30000sj,Niš,3500.0,Corn
2016,30000sj,Novi Sad,3680.0,Corn
2016,30000sj,Novi Sad,3680.0,Corn
2016,30000sj,Novi Sad,3150.0,Corn
2016,30000sj,Pirot,4290.0,Corn
2016,30000sj,Požarevac,4100.0,Corn
2016,30000sj,Požarevac,4100.0,Corn
2016,30000sj,Smederevo,3550.0,Corn
2016,30000sj,Smederevo,4100.0,Corn
2016,30000sj,Sombor,3500.0,Corn
2016,30000sj,Subotica,3850.0,Corn
2016,30000sj,Vranje,3990.0,Corn
2016,30000sj,Vranje,3450.0,Corn
2016,30000sj,Vranje,3990.0,Corn
2016,30000sj,Zaječar,3290.0,Corn
2016,30000sj,Zaječar,3290.0,Corn
2016,30000sj,Zrenjanin,3896.0,Corn
2016,30000sj,Zrenjanin,3303.0,Corn
2016,30000sj,Zrenjanin,3303.0,Corn
2016,25 kg,Beograd,1300.0,Wheat
2016,25 kg,Kikinda,1325.0,Wheat
2016,25 kg,Kikinda,1325.0,Wheat
2016,25 kg,Kragujevac,800.0,Wheat
2016,25 kg,Kragujevac,1350.0,Wheat
2016,25 kg,Kragujevac,1450.0,Wheat
2016,25 kg,Kragujevac,1350.0,Wheat
2016,25 kg,Kraljevo,1350.0,Wheat
2016,25 kg,Loznica,825.0,Wheat
2016,25 kg,Loznica,1275.0,Wheat
2016,25 kg,Loznica,1325.0,Wheat
2016,25 kg,Loznica,1275.0,Wheat
2016,25 kg,Niš,850.0,Wheat
2016,25 kg,Niš,1575.0,Wheat
2016,25 kg,Niš,1325.0,Wheat
2016,25 kg,Niš,1500.0,Wheat
2016,25 kg,Novi Sad,880.0,Wheat
2016,25 kg,Novi Sad,1300.0,Wheat
2016,25 kg,Novi Sad,1280.0,Wheat
2016,25 kg,Novi Sad,1210.0,Wheat
2016,25 kg,Novi Sad,1450.0,Wheat
2016,25 kg,Pančevo,780.0,Wheat
2016,25 kg,Pančevo,1300.0,Wheat
2016,25 kg,Pančevo,1400.0,Wheat
2016,25 kg,Pančevo,1375.0,Wheat
2016,25 kg,Pančevo,1400.0,Wheat
2016,25 kg,Pirot,925.0,Wheat
2016,25 kg,Pirot,1450.0,Wheat
2016,25 kg,Požarevac,1375.0,Wheat
2016,25 kg,Požarevac,1450.0,Wheat
2016,25 kg,Požarevac,1325.0,Wheat
2016,25 kg,Požarevac,1375.0,Wheat
2016,25 kg,Smederevo,1450.0,Wheat
2016,25 kg,Subotica,1375.0,Wheat
2016,25 kg,Vranje,850.0,Wheat
2016,25 kg,Vranje,1325.0,Wheat
2016,25 kg,Vranje,1500.0,Wheat
2016,25 kg,Zaječar,1350.0,Wheat
2016,25 kg,Zaječar,1350.0,Wheat
2016,25 kg,Zrenjanin,1100.0,Wheat
2016,25 kg,Zrenjanin,1350.0,Wheat
2016,25 kg,Zrenjanin,1150.0,Wheat
2016,25 kg,Zrenjanin,1380.0,Wheat
2016,25 kg,Zrenjanin,1325.0,Wheat
2016,25 kg,Čačak,925.0,Wheat
2016,25 kg,Čačak,1375.0,Wheat
2016,25 kg,Čačak,1400.0,Wheat
2016,30 kg,Beograd,1530.0,Wheat
2016,30 kg,Kragujevac,1600.0,Wheat
2016,30 kg,Pančevo,1650.0,Wheat
2016,30 kg,Smederevo,1530.0,Wheat
2016,30 kg,Čačak,1650.0,Wheat
2016,50 kg,Beograd,1600.0,Wheat
2016,50 kg,Beograd,2350.0,Wheat
2016,50 kg,Kikinda,1600.0,Wheat
2016,50 kg,Kragujevac,1600.0,Wheat
2016,50 kg,Kragujevac,1500.0,Wheat
2016,50 kg,Kraljevo,1760.0,Wheat
2016,50 kg,Loznica,1650.0,Wheat
2016,50 kg,Loznica,2550.0,Wheat
2016,50 kg,Niš,1600.0,Wheat
2016,50 kg,Niš,2650.0,Wheat
2016,50 kg,Novi Sad,1760.0,Wheat
2016,50 kg,Pančevo,2600.0,Wheat
2016,50 kg,Pančevo,2800.0,Wheat
2016,50 kg,Pirot,3200.0,Wheat
2016,50 kg,Požarevac,1850.0,Wheat
2016,50 kg,Smederevo,1650.0,Wheat
2016,50 kg,Smederevo,2700.0,Wheat
2016,50 kg,Smederevo,2400.0,Wheat
2016,50 kg,Subotica,1500.0,Wheat
2016,50 kg,Subotica,2750.0,Wheat
2016,50 kg,Vranje,1700.0,Wheat
2016,50 kg,Vranje,3100.0,Wheat
2016,50 kg,Zaječar,1800.0,Wheat
2016,50 kg,Zrenjanin,2200.0,Wheat
2016,50 kg,Zrenjanin,2700.0,Wheat
2016,50 kg,Čačak,1900.0,Wheat
2017,25 kg,Kikinda,1025.0,Barley
2017,25 kg,Kragujevac,1125.0,Barley
2017,25 kg,Kraljevo,1160.0,Barley
2017,25 kg,Niš,1075.0,Barley
2017,25 kg,Pančevo,1150.0,Barley
2017,25 kg,Pirot,1100.0,Barley
2017,25 kg,Požarevac,1125.0,Barley
2017,25 kg,Zaječar,2375.0,Barley
2017,25 kg,Čačak,1000.0,Barley
2017,25kg,Beograd,1300.0,Barley
2017,25kg,Kikinda,1125.0,Barley
2017,25kg,Kragujevac,1225.0,Barley
2017,25kg,Kragujevac,1275.0,Barley
2017,25kg,Kraljevo,1150.0,Barley
2017,25kg,Kraljevo,1450.0,Barley
2017,25kg,Loznica,1125.0,Barley
2017,25kg,Loznica,1250.0,Barley
2017,25kg,Niš,1200.0,Barley
2017,25kg,Niš,1350.0,Barley
2017,25kg,Novi Sad,1025.0,Barley
2017,25kg,Pančevo,1150.0,Barley
2017,25kg,Pirot,1150.0,Barley
2017,25kg,Požarevac,925.0,Barley
2017,25kg,Požarevac,1325.0,Barley
2017,25kg,Smederevo,875.0,Barley
2017,25kg,Vranje,1200.0,Barley
2017,25kg,Zrenjanin,1125.0,Barley
2017,25kg,Zrenjanin,1225.0,Barley
2017,25kg,Čačak,1150.0,Barley
2017,45kg,Kragujevac,2115.0,Barley
2017,45kg,Pančevo,2070.0,Barley
2017,45kg,Čačak,2050.0,Barley
2017,50 kg,Beograd,2250.0,Barley
2017,50 kg,Kragujevac,2200.0,Barley
2017,50 kg,Kragujevac,2200.0,Barley
2017,50 kg,Kraljevo,2300.0,Barley
2017,50 kg,Niš,1200.0,Barley
2017,50 kg,Niš,2150.0,Barley
2017,50 kg,Pančevo,2345.0,Barley
2017,50 kg,Pančevo,2275.0,Barley
2017,50 kg,Pirot,2400.0,Barley
2017,50 kg,Pirot,2150.0,Barley
2017,50 kg,Požarevac,2250.0,Barley
2017,50 kg,Sombor,2200.0,Barley
2017,50 kg,Subotica,2150.0,Barley
2017,50 kg,Vranje,2400.0,Barley
2017,50 kg,Zaječar,1200.0,Barley
2017,50 kg,Zaječar,2400.0,Barley
2017,50 kg,Zrenjanin,2350.0,Barley
2017,50 kg,Čačak,2000.0,Barley
2017,50kg,Beograd,2150.0,Barley
2017,50kg,Beograd,2500.0,Barley
2017,50kg,Kikinda,2400.0,Barley
2017,50kg,Kragujevac,2300.0,Barley
2017,50kg,Kragujevac,2250.0,Barley
2017,50kg,Kragujevac,2500.0,Barley
2017,50kg,Loznica,2250.0,Barley
2017,50kg,Loznica,2100.0,Barley
2017,50kg,Niš,1200.0,Barley
2017,50kg,Niš,2700.0,Barley
2017,50kg,Pančevo,2300.0,Barley
2017,50kg,Pirot,2300.0,Barley
2017,50kg,Pirot,2700.0,Barley
2017,50kg,Požarevac,2350.0,Barley
2017,50kg,Smederevo,1750.0,Barley
2017,50kg,Smederevo,2500.0,Barley
2017,50kg,Sombor,2300.0,Barley
2017,50kg,Subotica,2300.0,Barley
2017,50kg,Vranje,2500.0,Barley
2017,50kg,Zaječar,1700.0,Barley
2017,50kg,Zaječar,1200.0,Barley
2017,50kg,Zrenjanin,2450.0,Barley
2017,50kg,Čačak,2250.0,Barley
2017,25000 sj,Beograd,3900.0,Corn
2017,25000 sj,Beograd,3500.0,Corn
2017,25000 sj,Beograd,3200.0,Corn
2017,25000 sj,Beograd,5500.0,Corn
2017,25000 sj,Beograd,4500.0,Corn
2017,25000 sj,Beograd,3450.0,Corn
2017,25000 sj,Beograd,3260.0,Corn
2017,25000 sj,Kikinda,3855.0,Corn
2017,25000 sj,Kikinda,3470.0,Corn
2017,25000 sj,Kikinda,3085.0,Corn
2017,25000 sj,Kikinda,3500.0,Corn
2017,25000 sj,Kikinda,3130.0,Corn
2017,25000 sj,Kikinda,3950.0,Corn
2017,25000 sj,Kikinda,4555.0,Corn
2017,25000 sj,Kikinda,5290.0,Corn
2017,25000 sj,Kikinda,3175.0,Corn
2017,25000 sj,Kikinda,3175.0,Corn
2017,25000 sj,Kragujevac,4200.0,Corn
2017,25000 sj,Kragujevac,3800.0,Corn
2017,25000 sj,Kragujevac,3400.0,Corn
2017,25000 sj,Kragujevac,5800.0,Corn
2017,25000 sj,Kragujevac,5200.0,Corn
2017,25000 sj,Kragujevac,4700.0,Corn
2017,25000 sj,Kragujevac,4000.0,Corn
2017,25000 sj,Kragujevac,4000.0,Corn
2017,25000 sj,Kragujevac,3000.0,Corn
2017,25000 sj,Kragujevac,5000.0,Corn
2017,25000 sj,Kragujevac,5500.0,Corn
2017,25000 sj,Kragujevac,5200.0,Corn
2017,25000 sj,Kragujevac,5000.0,Corn
2017,25000 sj,Kraljevo,3800.0,Corn
2017,25000 sj,Kraljevo,3400.0,Corn
2017,25000 sj,Kraljevo,3050.0,Corn
2017,25000 sj,Kraljevo,3700.0,Corn
2017,25000 sj,Loznica,4450.0,Corn
2017,25000 sj,Loznica,4200.0,Corn
2017,25000 sj,Loznica,4100.0,Corn
2017,25000 sj,Loznica,6100.0,Corn
2017,25000 sj,Loznica,5300.0,Corn
2017,25000 sj,Loznica,4900.0,Corn
2017,25000 sj,Loznica,4700.0,Corn
2017,25000 sj,Loznica,3900.0,Corn
2017,25000 sj,Loznica,3300.0,Corn
2017,25000 sj,Niš,3150.0,Corn
2017,25000 sj,Niš,3550.0,Corn
2017,25000 sj,Niš,3550.0,Corn
2017,25000 sj,Niš,3550.0,Corn
2017,25000 sj,Niš,5200.0,Corn
2017,25000 sj,Niš,6400.0,Corn
2017,25000 sj,Niš,5300.0,Corn
2017,25000 sj,Niš,3200.0,Corn
2017,25000 sj,Niš,4500.0,Corn
2017,25000 sj,Niš,4500.0,Corn
2017,25000 sj,Niš,4150.0,Corn
2017,25000 sj,Niš,4130.0,Corn
2017,25000 sj,Novi Sad,4750.0,Corn
2017,25000 sj,Novi Sad,4400.0,Corn
2017,25000 sj,Novi Sad,3900.0,Corn
2017,25000 sj,Novi Sad,6000.0,Corn
2017,25000 sj,Novi Sad,5200.0,Corn
2017,25000 sj,Novi Sad,4900.0,Corn
2017,25000 sj,Novi Sad,4200.0,Corn
2017,25000 sj,Novi Sad,3600.0,Corn
2017,25000 sj,Novi Sad,2850.0,Corn
2017,25000 sj,Novi Sad,3800.0,Corn
2017,25000 sj,Novi Sad,4700.0,Corn
2017,25000 sj,Pančevo,3650.0,Corn
2017,25000 sj,Pančevo,3350.0,Corn
2017,25000 sj,Pančevo,3190.0,Corn
2017,25000 sj,Pančevo,5650.0,Corn
2017,25000 sj,Pančevo,5000.0,Corn
2017,25000 sj,Pančevo,4800.0,Corn
2017,25000 sj,Pančevo,3585.0,Corn
2017,25000 sj,Pančevo,3150.0,Corn
2017,25000 sj,Pančevo,3600.0,Corn
2017,25000 sj,Pančevo,3470.0,Corn
2017,25000 sj,Pančevo,5400.0,Corn
2017,25000 sj,Pančevo,5790.0,Corn
2017,25000 sj,Pirot,4980.0,Corn
2017,25000 sj,Pirot,4480.0,Corn
2017,25000 sj,Pirot,3980.0,Corn
2017,25000 sj,Pirot,4900.0,Corn
2017,25000 sj,Pirot,4400.0,Corn
2017,25000 sj,Pirot,4800.0,Corn
2017,25000 sj,Pirot,6000.0,Corn
2017,25000 sj,Pirot,4800.0,Corn
2017,25000 sj,Pirot,4800.0,Corn
2017,25000 sj,Požarevac,4100.0,Corn
2017,25000 sj,Požarevac,4100.0,Corn
2017,25000 sj,Požarevac,3500.0,Corn
2017,25000 sj,Požarevac,3150.0,Corn
2017,25000 sj,Požarevac,5600.0,Corn
2017,25000 sj,Požarevac,5100.0,Corn
2017,25000 sj,Požarevac,4450.0,Corn
2017,25000 sj,Požarevac,4050.0,Corn
2017,25000 sj,Požarevac,3700.0,Corn
2017,25000 sj,Požarevac,3350.0,Corn
2017,25000 sj,Požarevac,4000.0,Corn
2017,25000 sj,Požarevac,3300.0,Corn
2017,25000 sj,Požarevac,3500.0,Corn
2017,25000 sj,Požarevac,3800.0,Corn
2017,25000 sj,Smederevo,4230.0,Corn
2017,25000 sj,Smederevo,4300.0,Corn
2017,25000 sj,Smederevo,4130.0,Corn
2017,25000 sj,Smederevo,5280.0,Corn
2017,25000 sj,Smederevo,5600.0,Corn
2017,25000 sj,Smederevo,3840.0,Corn
2017,25000 sj,Smederevo,3920.0,Corn
2017,25000 sj,Smederevo,3750.0,Corn
2017,25000 sj,Smederevo,4000.0,Corn
2017,25000 sj,Sombor,3800.0,Corn
2017,25000 sj,Sombor,3450.0,Corn
2017,25000 sj,Sombor,3150.0,Corn
2017,25000 sj,Sombor,5800.0,Corn
2017,25000 sj,Sombor,5200.0,Corn
2017,25000 sj,Sombor,4850.0,Corn
2017,25000 sj,Sombor,4650.0,Corn
2017,25000 sj,Sombor,3350.0,Corn
2017,25000 sj,Sombor,3050.0,Corn
2017,25000 sj,Sremska Mitrovica,3300.0,Corn
2017,25000 sj,Sremska Mitrovica,3800.0,Corn
2017,25000 sj,Sremska Mitrovica,4000.0,Corn
2017,25000 sj,Sremska Mitrovica,4900.0,Corn
2017,25000 sj,Sremska Mitrovica,5200.0,Corn
2017,25000 sj,Sremska Mitrovica,5900.0,Corn
2017,25000 sj,Sremska Mitrovica,3600.0,Corn
2017,25000 sj,Sremska Mitrovica,4000.0,Corn
2017,25000 sj,Sremska Mitrovica,4100.0,Corn
2017,25000 sj,Sremska Mitrovica,3500.0,Corn
2017,25000 sj,Subotica,3790.0,Corn
2017,25000 sj,Subotica,3440.0,Corn
2017,25000 sj,Subotica,3130.0,Corn
2017,25000 sj,Subotica,5800.0,Corn
2017,25000 sj,Subotica,5200.0,Corn
2017,25000 sj,Subotica,4840.0,Corn
2017,25000 sj,Subotica,4640.0,Corn
2017,25000 sj,Subotica,3340.0,Corn
2017,25000 sj,Subotica,3050.0,Corn
2017,25000 sj,Vranje,3990.0,Corn
2017,25000 sj,Vranje,3550.0,Corn
2017,25000 sj,Vranje,3150.0,Corn
2017,25000 sj,Vranje,3200.0,Corn
2017,25000 sj,Vranje,3200.0,Corn
2017,25000 sj,Vranje,4150.0,Corn
2017,25000 sj,Zaječar,4390.0,Corn
2017,25000 sj,Zaječar,3950.0,Corn
2017,25000 sj,Zaječar,3500.0,Corn
2017,25000 sj,Zaječar,4390.0,Corn
2017,25000 sj,Zaječar,5200.0,Corn
2017,25000 sj,Zaječar,5800.0,Corn
2017,25000 sj,Zaječar,6200.0,Corn
2017,25000 sj,Zaječar,3350.0,Corn
2017,25000 sj,Zaječar,3050.0,Corn
2017,25000 sj,Zaječar,3950.0,Corn
2017,25000 sj,Zrenjanin,4160.0,Corn
2017,25000 sj,Zrenjanin,4041.0,Corn
2017,25000 sj,Zrenjanin,3770.0,Corn
2017,25000 sj,Zrenjanin,3640.0,Corn
2017,25000 sj,Zrenjanin,5700.0,Corn
2017,25000 sj,Zrenjanin,4049.0,Corn
2017,25000 sj,Zrenjanin,4200.0,Corn
2017,25000 sj,Zrenjanin,3800.0,Corn
2017,25000 sj,Zrenjanin,3470.0,Corn
2017,25000 sj,Zrenjanin,3390.0,Corn
2017,25000 sj,Zrenjanin,4250.0,Corn
2017,25000 sj,Zrenjanin,5070.0,Corn
2017,25000 sj,Zrenjanin,3530.0,Corn
2017,25000 sj,Čačak,3800.0,Corn
2017,25000 sj,Čačak,3400.0,Corn
2017,25000 sj,Čačak,3050.0,Corn
2017,25000 sj,Čačak,3700.0,Corn
2017,25000sj,Beograd,4000.0,Corn
2017,25000sj,Kikinda,3875.0,Corn
2017,25000sj,Kikinda,3605.0,Corn
2017,25000sj,Kragujevac,4000.0,Corn
2017,25000sj,Kraljevo,4000.0,Corn
2017,25000sj,Niš,4130.0,Corn
2017,25000sj,Niš,4430.0,Corn
2017,25000sj,Novi Sad,3300.0,Corn
2017,25000sj,Pančevo,3980.0,Corn
2017,25000sj,Pančevo,3250.0,Corn
2017,25000sj,Pirot,3000.0,Corn
2017,25000sj,Požarevac,4200.0,Corn
2017,25000sj,Sombor,3900.0,Corn
2017,25000sj,Sremska Mitrovica,3700.0,Corn
2017,25000sj,Subotica,3950.0,Corn
2017,25000sj,Vranje,4150.0,Corn
2017,25000sj,Zaječar,2300.0,Corn
2017,25000sj,Zaječar,3850.0,Corn
2017,25000sj,Zrenjanin,3530.0,Corn
2017,25000sj,Zrenjanin,4240.0,Corn
2017,25000sj,Čačak,4000.0,Corn
2017,30000sj,Beograd,3900.0,Corn
2017,30000sj,Beograd,3690.0,Corn
2017,30000sj,Beograd,3300.0,Corn
2017,30000sj,Kikinda,3055.0,Corn
2017,30000sj,Kikinda,3055.0,Corn
2017,30000sj,Kragujevac,3800.0,Corn
2017,30000sj,Kraljevo,3800.0,Corn
2017,30000sj,Loznica,3500.0,Corn
2017,30000sj,Loznica,3600.0,Corn
2017,30000sj,Niš,3490.0,Corn
2017,30000sj,Niš,3490.0,Corn
2017,30000sj,Niš,4100.0,Corn
2017,30000sj,Novi Sad,3800.0,Corn
2017,30000sj,Novi Sad,3200.0,Corn
2017,30000sj,Novi Sad,3800.0,Corn
2017,30000sj,Pančevo,3650.0,Corn
2017,30000sj,Pančevo,3150.0,Corn
2017,30000sj,Pančevo,3150.0,Corn
2017,30000sj,Pirot,4500.0,Corn
2017,30000sj,Pirot,4500.0,Corn
2017,30000sj,Požarevac,3750.0,Corn
2017,30000sj,Smederevo,4330.0,Corn
2017,30000sj,Sombor,3700.0,Corn
2017,30000sj,Sombor,3700.0,Corn
2017,30000sj,Sombor,3300.0,Corn
2017,30000sj,Sremska Mitrovica,3500.0,Corn
2017,30000sj,Subotica,3690.0,Corn
2017,30000sj,Subotica,3700.0,Corn
2017,30000sj,Subotica,3300.0,Corn
2017,30000sj,Vranje,3490.0,Corn
2017,30000sj,Zaječar,3290.0,Corn
2017,30000sj,Zaječar,3290.0,Corn
2017,30000sj,Zrenjanin,3915.0,Corn
2017,30000sj,Zrenjanin,3200.0,Corn
2017,30000sj,Zrenjanin,3200.0,Corn
2017,30000sj,Čačak,3800.0,Corn
2017,25 kg,Beograd,1200.0,Wheat
2017,25 kg,Beograd,1500.0,Wheat
2017,25 kg,Beograd,1400.0,Wheat
2017,25 kg,Kikinda,900.0,Wheat
2017,25 kg,Kikinda,1350.0,Wheat
2017,25 kg,Kikinda,1475.0,Wheat
2017,25 kg,Kikinda,1300.0,Wheat
2017,25 kg,Kragujevac,875.0,Wheat
2017,25 kg,Kragujevac,1400.0,Wheat
2017,25 kg,Kragujevac,1650.0,Wheat
2017,25 kg,Kragujevac,1500.0,Wheat
2017,25 kg,Kragujevac,1400.0,Wheat
2017,25 kg,Kraljevo,900.0,Wheat
2017,25 kg,Kraljevo,1425.0,Wheat
2017,25 kg,Kraljevo,1575.0,Wheat
2017,25 kg,Loznica,1200.0,Wheat
2017,25 kg,Loznica,1325.0,Wheat
2017,25 kg,Loznica,1325.0,Wheat
2017,25 kg,Niš,900.0,Wheat
2017,25 kg,Niš,1550.0,Wheat
2017,25 kg,Niš,1625.0,Wheat
2017,25 kg,Niš,1450.0,Wheat
2017,25 kg,Niš,1450.0,Wheat
2017,25 kg,Novi Sad,875.0,Wheat
2017,25 kg,Novi Sad,1300.0,Wheat
2017,25 kg,Novi Sad,1450.0,Wheat
2017,25 kg,Pančevo,875.0,Wheat
2017,25 kg,Pančevo,1650.0,Wheat
2017,25 kg,Pančevo,1225.0,Wheat
2017,25 kg,Pančevo,1500.0,Wheat
2017,25 kg,Pirot,900.0,Wheat
2017,25 kg,Pirot,1450.0,Wheat
2017,25 kg,Pirot,1650.0,Wheat
2017,25 kg,Pirot,1500.0,Wheat
2017,25 kg,Pirot,1450.0,Wheat
2017,25 kg,Požarevac,1450.0,Wheat
2017,25 kg,Požarevac,1575.0,Wheat
2017,25 kg,Požarevac,1450.0,Wheat
2017,25 kg,Požarevac,1250.0,Wheat
2017,25 kg,Smederevo,825.0,Wheat
2017,25 kg,Smederevo,1425.0,Wheat
2017,25 kg,Smederevo,1625.0,Wheat
2017,25 kg,Smederevo,1375.0,Wheat
2017,25 kg,Smederevo,1525.0,Wheat
2017,25 kg,Sombor,1450.0,Wheat
2017,25 kg,Subotica,1450.0,Wheat
2017,25 kg,Vranje,1350.0,Wheat
2017,25 kg,Vranje,1625.0,Wheat
2017,25 kg,Vranje,1450.0,Wheat
2017,25 kg,Zaječar,825.0,Wheat
2017,25 kg,Zaječar,1575.0,Wheat
2017,25 kg,Zaječar,1400.0,Wheat
2017,25 kg,Zrenjanin,950.0,Wheat
2017,25 kg,Zrenjanin,1400.0,Wheat
2017,25 kg,Zrenjanin,1475.0,Wheat
2017,25 kg,Zrenjanin,1325.0,Wheat
2017,25 kg,Čačak,900.0,Wheat
2017,25 kg,Čačak,1250.0,Wheat
2017,25 kg,Čačak,1250.0,Wheat
2017,30 kg,Beograd,1590.0,Wheat
2017,30 kg,Kragujevac,1710.0,Wheat
2017,30 kg,Kraljevo,1680.0,Wheat
2017,30 kg,Sombor,1560.0,Wheat
2017,30 kg,Subotica,1560.0,Wheat
2017,30 kg,Zaječar,1590.0,Wheat
2017,30 kg,Čačak,1500.0,Wheat
2017,50 kg,Beograd,1650.0,Wheat
2017,50 kg,Kikinda,1550.0,Wheat
2017,50 kg,Kragujevac,1700.0,Wheat
2017,50 kg,Kragujevac,1650.0,Wheat
2017,50 kg,Kragujevac,2750.0,Wheat
2017,50 kg,Kragujevac,3250.0,Wheat
2017,50 kg,Kraljevo,3150.0,Wheat
2017,50 kg,Loznica,1600.0,Wheat
2017,50 kg,Niš,1800.0,Wheat
2017,50 kg,Niš,1800.0,Wheat
2017,50 kg,Niš,3100.0,Wheat
2017,50 kg,Pančevo,1750.0,Wheat
2017,50 kg,Pančevo,3000.0,Wheat
2017,50 kg,Pirot,1800.0,Wheat
2017,50 kg,Vranje,1800.0,Wheat
2017,50 kg,Zaječar,1650.0,Wheat
2017,50 kg,Čačak,1800.0,Wheat
2017,50 kg,Čačak,2500.0,Wheat
2018,25 kg,Kikinda,1100.0,Barley
2018,25 kg,Kragujevac,1100.0,Barley
2018,25 kg,Kraljevo,1200.0,Barley
2018,25 kg,Loznica,1100.0,Barley
2018,25 kg,Niš,1050.0,Barley
2018,25 kg,Novi Sad,921.0,Barley
2018,25 kg,Pančevo,1200.0,Barley
2018,25 kg,Pirot,1000.0,Barley
2018,25 kg,Požarevac,1125.0,Barley
2018,25 kg,Sremska Mitrovica,1200.0,Barley
2018,25 kg,Zaječar,1012.0,Barley
2018,25 kg,Čačak,950.0,Barley
2018,25kg,Beograd,1125.0,Barley
2018,25kg,Beograd,1250.0,Barley
2018,25kg,Kikinda,1220.0,Barley
2018,25kg,Kragujevac,1200.0,Barley
2018,25kg,Kragujevac,1500.0,Barley
2018,25kg,Kraljevo,1150.0,Barley
2018,25kg,Loznica,1100.0,Barley
2018,25kg,Loznica,1125.0,Barley
2018,25kg,Niš,1225.0,Barley
2018,25kg,Niš,1250.0,Barley
2018,25kg,Novi Sad,921.0,Barley
2018,25kg,Novi Sad,1500.0,Barley
2018,25kg,Pančevo,1125.0,Barley
2018,25kg,Pančevo,1125.0,Barley
2018,25kg,Pirot,1150.0,Barley
2018,25kg,Požarevac,1075.0,Barley
2018,25kg,Požarevac,1400.0,Barley
2018,25kg,Smederevo,1050.0,Barley
2018,25kg,Sombor,1100.0,Barley
2018,25kg,Sremska Mitrovica,1200.0,Barley
2018,25kg,Vranje,1225.0,Barley
2018,25kg,Zaječar,1200.0,Barley
2018,25kg,Zrenjanin,1025.0,Barley
2018,25kg,Zrenjanin,1450.0,Barley
2018,25kg,Čačak,950.0,Barley
2018,40kg,Kragujevac,1760.0,Barley
2018,40kg,Niš,1960.0,Barley
2018,45kg,Niš,2205.0,Barley
2018,45kg,Pančevo,2025.0,Barley
2018,45kg,Požarevac,1935.0,Barley
2018,45kg,Sremska Mitrovica,2100.0,Barley
2018,45kg,Čačak,1700.0,Barley
2018,50 kg,Beograd,2250.0,Barley
2018,50 kg,Beograd,2400.0,Barley
2018,50 kg,Kragujevac,2250.0,Barley
2018,50 kg,Kragujevac,2100.0,Barley
2018,50 kg,Kraljevo,2200.0,Barley
2018,50 kg,Loznica,2250.0,Barley
2018,50 kg,Niš,2450.0,Barley
2018,50 kg,Niš,2100.0,Barley
2018,50 kg,Pančevo,2250.0,Barley
2018,50 kg,Pančevo,2400.0,Barley
2018,50 kg,Pirot,2300.0,Barley
2018,50 kg,Požarevac,2200.0,Barley
2018,50 kg,Požarevac,2250.0,Barley
2018,50 kg,Sremska Mitrovica,2400.0,Barley
2018,50 kg,Sremska Mitrovica,2300.0,Barley
2018,50 kg,Subotica,2165.0,Barley
2018,50 kg,Zrenjanin,2300.0,Barley
2018,50 kg,Čačak,1950.0,Barley
2018,50kg,Beograd,2700.0,Barley
2018,50kg,Kragujevac,2350.0,Barley
2018,50kg,Kragujevac,2200.0,Barley
2018,50kg,Kragujevac,2850.0,Barley
2018,50kg,Loznica,2500.0,Barley
2018,50kg,Niš,2450.0,Barley
2018,50kg,Niš,2450.0,Barley
2018,50kg,Niš,2500.0,Barley
2018,50kg,Novi Sad,1850.0,Barley
2018,50kg,Pančevo,2250.0,Barley
2018,50kg,Pančevo,2400.0,Barley
2018,50kg,Pirot,2150.0,Barley
2018,50kg,Požarevac,2150.0,Barley
2018,50kg,Požarevac,2000.0,Barley
2018,50kg,Požarevac,2800.0,Barley
2018,50kg,Smederevo,2150.0,Barley
2018,50kg,Smederevo,2300.0,Barley
2018,50kg,Smederevo,2150.0,Barley
2018,50kg,Sombor,2100.0,Barley
2018,50kg,Sombor,1900.0,Barley
2018,50kg,Sremska Mitrovica,2300.0,Barley
2018,50kg,Čačak,1850.0,Barley
2018,25000 sj,Beograd,4000.0,Corn
2018,25000 sj,Beograd,3500.0,Corn
2018,25000 sj,Beograd,3200.0,Corn
2018,25000 sj,Beograd,6290.0,Corn
2018,25000 sj,Beograd,5000.0,Corn
2018,25000 sj,Beograd,4500.0,Corn
2018,25000 sj,Beograd,3500.0,Corn
2018,25000 sj,Beograd,3000.0,Corn
2018,25000 sj,Beograd,2700.0,Corn
2018,25000 sj,Kikinda,4000.0,Corn
2018,25000 sj,Kikinda,3950.0,Corn
2018,25000 sj,Kikinda,3400.0,Corn
2018,25000 sj,Kikinda,3220.0,Corn
2018,25000 sj,Kikinda,3350.0,Corn
2018,25000 sj,Kikinda,3030.0,Corn
2018,25000 sj,Kikinda,3150.0,Corn
2018,25000 sj,Kikinda,4555.0,Corn
2018,25000 sj,Kikinda,5290.0,Corn
2018,25000 sj,Kikinda,2800.0,Corn
2018,25000 sj,Kikinda,3300.0,Corn
2018,25000 sj,Kragujevac,4900.0,Corn
2018,25000 sj,Kragujevac,3950.0,Corn
2018,25000 sj,Kragujevac,3950.0,Corn
2018,25000 sj,Kragujevac,3050.0,Corn
2018,25000 sj,Kragujevac,6500.0,Corn
2018,25000 sj,Kragujevac,4900.0,Corn
2018,25000 sj,Kragujevac,4200.0,Corn
2018,25000 sj,Kragujevac,3500.0,Corn
2018,25000 sj,Kragujevac,3900.0,Corn
2018,25000 sj,Kragujevac,3450.0,Corn
2018,25000 sj,Kragujevac,4900.0,Corn
2018,25000 sj,Kragujevac,3900.0,Corn
2018,25000 sj,Kragujevac,5500.0,Corn
2018,25000 sj,Kragujevac,4700.0,Corn
2018,25000 sj,Kragujevac,4300.0,Corn
2018,25000 sj,Kragujevac,4200.0,Corn
2018,25000 sj,Kraljevo,4250.0,Corn
2018,25000 sj,Kraljevo,3800.0,Corn
2018,25000 sj,Kraljevo,3600.0,Corn
2018,25000 sj,Kraljevo,3080.0,Corn
2018,25000 sj,Kraljevo,3900.0,Corn
2018,25000 sj,Loznica,4000.0,Corn
2018,25000 sj,Loznica,3300.0,Corn
2018,25000 sj,Loznica,5100.0,Corn
2018,25000 sj,Loznica,4900.0,Corn
2018,25000 sj,Loznica,6200.0,Corn
2018,25000 sj,Loznica,2950.0,Corn
2018,25000 sj,Loznica,2950.0,Corn
2018,25000 sj,Loznica,3100.0,Corn
2018,25000 sj,Loznica,3400.0,Corn
2018,25000 sj,Loznica,4900.0,Corn
2018,25000 sj,Loznica,4100.0,Corn
2018,25000 sj,Loznica,3850.0,Corn
2018,25000 sj,Niš,3560.0,Corn
2018,25000 sj,Niš,3360.0,Corn
2018,25000 sj,Niš,3560.0,Corn
2018,25000 sj,Niš,5200.0,Corn
2018,25000 sj,Niš,6400.0,Corn
2018,25000 sj,Niš,3100.0,Corn
2018,25000 sj,Niš,3120.0,Corn
2018,25000 sj,Niš,3540.0,Corn
2018,25000 sj,Niš,3640.0,Corn
2018,25000 sj,Niš,4150.0,Corn
2018,25000 sj,Niš,4130.0,Corn
2018,25000 sj,Novi Sad,4850.0,Corn
2018,25000 sj,Novi Sad,4350.0,Corn
2018,25000 sj,Novi Sad,3900.0,Corn
2018,25000 sj,Novi Sad,6100.0,Corn
2018,25000 sj,Novi Sad,5450.0,Corn
2018,25000 sj,Novi Sad,5000.0,Corn
2018,25000 sj,Novi Sad,4800.0,Corn
2018,25000 sj,Novi Sad,3750.0,Corn
2018,25000 sj,Novi Sad,3300.0,Corn
2018,25000 sj,Novi Sad,3800.0,Corn
2018,25000 sj,Novi Sad,4700.0,Corn
2018,25000 sj,Novi Sad,4700.0,Corn
2018,25000 sj,Novi Sad,3000.0,Corn
2018,25000 sj,Pančevo,4850.0,Corn
2018,25000 sj,Pančevo,4375.0,Corn
2018,25000 sj,Pančevo,3900.0,Corn
2018,25000 sj,Pančevo,6300.0,Corn
2018,25000 sj,Pančevo,5500.0,Corn
2018,25000 sj,Pančevo,5100.0,Corn
2018,25000 sj,Pančevo,4860.0,Corn
2018,25000 sj,Pančevo,4475.0,Corn
2018,25000 sj,Pančevo,4070.0,Corn
2018,25000 sj,Pančevo,3500.0,Corn
2018,25000 sj,Pančevo,3500.0,Corn
2018,25000 sj,Požarevac,4050.0,Corn
2018,25000 sj,Požarevac,3600.0,Corn
2018,25000 sj,Požarevac,3300.0,Corn
2018,25000 sj,Požarevac,6300.0,Corn
2018,25000 sj,Požarevac,5500.0,Corn
2018,25000 sj,Požarevac,5100.0,Corn
2018,25000 sj,Požarevac,4800.0,Corn
2018,25000 sj,Požarevac,3400.0,Corn
2018,25000 sj,Požarevac,3100.0,Corn
2018,25000 sj,Požarevac,3600.0,Corn
2018,25000 sj,Požarevac,3700.0,Corn
2018,25000 sj,Požarevac,4800.0,Corn
2018,25000 sj,Požarevac,3000.0,Corn
2018,25000 sj,Sombor,3500.0,Corn
2018,25000 sj,Sombor,3800.0,Corn
2018,25000 sj,Sombor,3900.0,Corn
2018,25000 sj,Sombor,4700.0,Corn
2018,25000 sj,Sombor,4900.0,Corn
2018,25000 sj,Sombor,5300.0,Corn
2018,25000 sj,Sombor,6100.0,Corn
2018,25000 sj,Sombor,2450.0,Corn
2018,25000 sj,Sombor,2750.0,Corn
2018,25000 sj,Sombor,4100.0,Corn
2018,25000 sj,Sombor,4800.0,Corn
2018,25000 sj,Sombor,2800.0,Corn
2018,25000 sj,Sremska Mitrovica,4000.0,Corn
2018,25000 sj,Sremska Mitrovica,3800.0,Corn
2018,25000 sj,Sremska Mitrovica,3800.0,Corn
2018,25000 sj,Sremska Mitrovica,5600.0,Corn
2018,25000 sj,Sremska Mitrovica,5200.0,Corn
2018,25000 sj,Sremska Mitrovica,5100.0,Corn
2018,25000 sj,Sremska Mitrovica,3500.0,Corn
2018,25000 sj,Sremska Mitrovica,3700.0,Corn
2018,25000 sj,Sremska Mitrovica,4100.0,Corn
2018,25000 sj,Sremska Mitrovica,5100.0,Corn
2018,25000 sj,Subotica,3490.0,Corn
2018,25000 sj,Subotica,3790.0,Corn
2018,25000 sj,Subotica,3890.0,Corn
2018,25000 sj,Subotica,4700.0,Corn
2018,25000 sj,Subotica,4930.0,Corn
2018,25000 sj,Subotica,5320.0,Corn
2018,25000 sj,Subotica,6100.0,Corn
2018,25000 sj,Subotica,2450.0,Corn
2018,25000 sj,Subotica,2750.0,Corn
2018,25000 sj,Subotica,4020.0,Corn
2018,25000 sj,Subotica,4850.0,Corn
2018,25000 sj,Subotica,2750.0,Corn
2018,25000 sj,Vranje,3550.0,Corn
2018,25000 sj,Vranje,3200.0,Corn
2018,25000 sj,Zaječar,4690.0,Corn
2018,25000 sj,Zaječar,3750.0,Corn
2018,25000 sj,Zaječar,3750.0,Corn
2018,25000 sj,Zaječar,3350.0,Corn
2018,25000 sj,Zaječar,3050.0,Corn
2018,25000 sj,Zaječar,3100.0,Corn
2018,25000 sj,Čačak,3800.0,Corn
2018,25000 sj,Čačak,3400.0,Corn
2018,25000 sj,Čačak,3050.0,Corn
2018,25000 sj,Čačak,3700.0,Corn
2018,25000sj,Kikinda,3300.0,Corn
2018,25000sj,Kikinda,4200.0,Corn
2018,25000sj,Kragujevac,4400.0,Corn
2018,25000sj,Kragujevac,4900.0,Corn
2018,25000sj,Niš,4130.0,Corn
2018,25000sj,Niš,4430.0,Corn
2018,25000sj,Novi Sad,4500.0,Corn
2018,25000sj,Pančevo,3500.0,Corn
2018,25000sj,Pančevo,3500.0,Corn
2018,25000sj,Požarevac,4300.0,Corn
2018,25000sj,Sombor,4100.0,Corn
2018,25000sj,Sremska Mitrovica,3900.0,Corn
2018,25000sj,Subotica,4050.0,Corn
2018,25000sj,Zaječar,4060.0,Corn
2018,25000sj,Čačak,4000.0,Corn
2018,30000sj,Beograd,3850.0,Corn
2018,30000sj,Beograd,4050.0,Corn
2018,30000sj,Beograd,3250.0,Corn
2018,30000sj,Kikinda,3605.0,Corn
2018,30000sj,Kikinda,3450.0,Corn
2018,30000sj,Kikinda,4095.0,Corn
2018,30000sj,Kragujevac,3900.0,Corn
2018,30000sj,Kragujevac,4000.0,Corn
2018,30000sj,Kragujevac,4200.0,Corn
2018,30000sj,Kraljevo,4260.0,Corn
2018,30000sj,Niš,3490.0,Corn
2018,30000sj,Niš,3490.0,Corn
2018,30000sj,Niš,4100.0,Corn
2018,30000sj,Novi Sad,3800.0,Corn
2018,30000sj,Novi Sad,4000.0,Corn
2018,30000sj,Novi Sad,4200.0,Corn
2018,30000sj,Pančevo,3325.0,Corn
2018,30000sj,Pančevo,3300.0,Corn
2018,30000sj,Pančevo,3200.0,Corn
2018,30000sj,Požarevac,3800.0,Corn
2018,30000sj,Požarevac,4200.0,Corn
2018,30000sj,Požarevac,4200.0,Corn
2018,30000sj,Sombor,3650.0,Corn
2018,30000sj,Sombor,3800.0,Corn
2018,30000sj,Sremska Mitrovica,3700.0,Corn
2018,30000sj,Subotica,3630.0,Corn
2018,30000sj,Zaječar,3390.0,Corn
2018,30000sj,Čačak,3800.0,Corn
2018,25 kg,Beograd,1725.0,Wheat
2018,25 kg,Beograd,1350.0,Wheat
2018,25 kg,Beograd,1425.0,Wheat
2018,25 kg,Kikinda,1400.0,Wheat
2018,25 kg,Kikinda,1400.0,Wheat
2018,25 kg,Kragujevac,950.0,Wheat
2018,25 kg,Kragujevac,1400.0,Wheat
2018,25 kg,Kragujevac,1650.0,Wheat
2018,25 kg,Kragujevac,1400.0,Wheat
2018,25 kg,Kragujevac,1450.0,Wheat
2018,25 kg,Kraljevo,875.0,Wheat
2018,25 kg,Kraljevo,1450.0,Wheat
2018,25 kg,Kraljevo,1575.0,Wheat
2018,25 kg,Loznica,825.0,Wheat
2018,25 kg,Loznica,1375.0,Wheat
2018,25 kg,Loznica,1425.0,Wheat
2018,25 kg,Niš,925.0,Wheat
2018,25 kg,Niš,1450.0,Wheat
2018,25 kg,Niš,1625.0,Wheat
2018,25 kg,Niš,1450.0,Wheat
2018,25 kg,Niš,1450.0,Wheat
2018,25 kg,Novi Sad,875.0,Wheat
2018,25 kg,Novi Sad,1500.0,Wheat
2018,25 kg,Novi Sad,1650.0,Wheat
2018,25 kg,Pančevo,875.0,Wheat
2018,25 kg,Pančevo,1450.0,Wheat
2018,25 kg,Pančevo,1375.0,Wheat
2018,25 kg,Pančevo,1375.0,Wheat
2018,25 kg,Pančevo,1375.0,Wheat
2018,25 kg,Pirot,925.0,Wheat
2018,25 kg,Pirot,1600.0,Wheat
2018,25 kg,Pirot,1500.0,Wheat
2018,25 kg,Požarevac,825.0,Wheat
2018,25 kg,Požarevac,1500.0,Wheat
2018,25 kg,Požarevac,1550.0,Wheat
2018,25 kg,Požarevac,1300.0,Wheat
2018,25 kg,Požarevac,1250.0,Wheat
2018,25 kg,Smederevo,1375.0,Wheat
2018,25 kg,Smederevo,1550.0,Wheat
2018,25 kg,Smederevo,1350.0,Wheat
2018,25 kg,Sombor,975.0,Wheat
2018,25 kg,Sombor,1200.0,Wheat
2018,25 kg,Sombor,1275.0,Wheat
2018,25 kg,Sombor,1200.0,Wheat
2018,25 kg,Sombor,1250.0,Wheat
2018,25 kg,Sremska Mitrovica,900.0,Wheat
2018,25 kg,Sremska Mitrovica,1700.0,Wheat
2018,25 kg,Sremska Mitrovica,1300.0,Wheat
2018,25 kg,Sremska Mitrovica,1500.0,Wheat
2018,25 kg,Subotica,800.0,Wheat
2018,25 kg,Subotica,1325.0,Wheat
2018,25 kg,Subotica,1475.0,Wheat
2018,25 kg,Subotica,1300.0,Wheat
2018,25 kg,Vranje,1450.0,Wheat
2018,25 kg,Zaječar,875.0,Wheat
2018,25 kg,Zaječar,1375.0,Wheat
2018,25 kg,Zrenjanin,925.0,Wheat
2018,25 kg,Zrenjanin,1375.0,Wheat
2018,25 kg,Zrenjanin,1575.0,Wheat
2018,25 kg,Zrenjanin,1375.0,Wheat
2018,25 kg,Čačak,850.0,Wheat
2018,25 kg,Čačak,1450.0,Wheat
2018,30 kg,Kragujevac,1650.0,Wheat
2018,30 kg,Kraljevo,1590.0,Wheat
2018,30 kg,Loznica,1590.0,Wheat
2018,30 kg,Niš,1740.0,Wheat
2018,30 kg,Pančevo,2750.0,Wheat
2018,30 kg,Požarevac,1664.0,Wheat
2018,50 kg,Beograd,1700.0,Wheat
2018,50 kg,Kikinda,1650.0,Wheat
2018,50 kg,Kragujevac,1800.0,Wheat
2018,50 kg,Kragujevac,1700.0,Wheat
2018,50 kg,Kragujevac,2750.0,Wheat
2018,50 kg,Kragujevac,3100.0,Wheat
2018,50 kg,Kraljevo,1750.0,Wheat
2018,50 kg,Loznica,1750.0,Wheat
2018,50 kg,Niš,1850.0,Wheat
2018,50 kg,Niš,1850.0,Wheat
2018,50 kg,Niš,2900.0,Wheat
2018,50 kg,Niš,3250.0,Wheat
2018,50 kg,Pančevo,1750.0,Wheat
2018,50 kg,Pančevo,2900.0,Wheat
2018,50 kg,Pančevo,2750.0,Wheat
2018,50 kg,Pirot,1850.0,Wheat
2018,50 kg,Požarevac,1650.0,Wheat
2018,50 kg,Požarevac,3000.0,Wheat
2018,50 kg,Požarevac,3100.0,Wheat
2018,50 kg,Smederevo,2600.0,Wheat
2018,50 kg,Smederevo,2750.0,Wheat
2018,50 kg,Smederevo,3150.0,Wheat
2018,50 kg,Sombor,1950.0,Wheat
2018,50 kg,Sombor,2400.0,Wheat
2018,50 kg,Sombor,2500.0,Wheat
2018,50 kg,Sremska Mitrovica,1800.0,Wheat
2018,50 kg,Sremska Mitrovica,3000.0,Wheat
2018,50 kg,Subotica,1600.0,Wheat
2018,50 kg,Subotica,2950.0,Wheat
2018,50 kg,Vranje,2900.0,Wheat
2018,50 kg,Zaječar,1750.0,Wheat
2018,50 kg,Čačak,1650.0,Wheat
2019,25 kg,Kikinda,1200.0,Barley
2019,25 kg,Kragujevac,1165.0,Barley
2019,25 kg,Kraljevo,1200.0,Barley
2019,25 kg,Loznica,1100.0,Barley
2019,25 kg,Pirot,1125.0,Barley
2019,25 kg,Požarevac,1125.0,Barley
2019,25 kg,Sremska Mitrovica,1100.0,Barley
2019,25 kg,Vranje,1125.0,Barley
2019,25 kg,Zaječar,1100.0,Barley
2019,25 kg,Čačak,1150.0,Barley
2019,25kg,Beograd,1200.0,Barley
2019,25kg,Kragujevac,1160.0,Barley
2019,25kg,Kragujevac,1385.0,Barley
2019,25kg,Kraljevo,1500.0,Barley
2019,25kg,Loznica,1350.0,Barley
2019,25kg,Novi Sad,1125.0,Barley
2019,25kg,Novi Sad,1250.0,Barley
2019,25kg,Pančevo,975.0,Barley
2019,25kg,Pančevo,1225.0,Barley
2019,25kg,Pirot,1000.0,Barley
2019,25kg,Požarevac,1175.0,Barley
2019,25kg,Požarevac,1400.0,Barley
2019,25kg,Smederevo,1075.0,Barley
2019,25kg,Sombor,1250.0,Barley
2019,25kg,Sremska Mitrovica,1250.0,Barley
2019,25kg,Sremska Mitrovica,1300.0,Barley
2019,25kg,Subotica,1175.0,Barley
2019,25kg,Vranje,1225.0,Barley
2019,25kg,Zrenjanin,1200.0,Barley
2019,25kg,Zrenjanin,1375.0,Barley
2019,40kg,Kragujevac,1780.0,Barley
2019,40kg,Sremska Mitrovica,2100.0,Barley
2019,45kg,Kragujevac,2050.0,Barley
2019,45kg,Požarevac,2155.0,Barley
2019,45kg,Sremska Mitrovica,2000.0,Barley
2019,50 kg,Beograd,2400.0,Barley
2019,50 kg,Beograd,2450.0,Barley
2019,50 kg,Kragujevac,2275.0,Barley
2019,50 kg,Kragujevac,2275.0,Barley
2019,50 kg,Kraljevo,2300.0,Barley
2019,50 kg,Loznica,1175.0,Barley
2019,50 kg,Novi Sad,2250.0,Barley
2019,50 kg,Pančevo,2050.0,Barley
2019,50 kg,Pirot,2400.0,Barley
2019,50 kg,Požarevac,2250.0,Barley
2019,50 kg,Požarevac,2300.0,Barley
2019,50 kg,Sombor,2400.0,Barley
2019,50 kg,Sremska Mitrovica,2400.0,Barley
2019,50 kg,Sremska Mitrovica,2400.0,Barley
2019,50 kg,Subotica,2350.0,Barley
2019,50 kg,Zaječar,2400.0,Barley
2019,50 kg,Čačak,2300.0,Barley
2019,50kg,Beograd,2350.0,Barley
2019,50kg,Kikinda,2600.0,Barley
2019,50kg,Kragujevac,2175.0,Barley
2019,50kg,Kragujevac,2225.0,Barley
2019,50kg,Kragujevac,2650.0,Barley
2019,50kg,Novi Sad,3000.0,Barley
2019,50kg,Pančevo,1850.0,Barley
2019,50kg,Pirot,2000.0,Barley
2019,50kg,Požarevac,2350.0,Barley
2019,50kg,Požarevac,2300.0,Barley
2019,50kg,Požarevac,2800.0,Barley
2019,50kg,Smederevo,2200.0,Barley
2019,50kg,Smederevo,2350.0,Barley
2019,50kg,Smederevo,2250.0,Barley
2019,50kg,Sombor,2450.0,Barley
2019,50kg,Sombor,2700.0,Barley
2019,50kg,Sremska Mitrovica,2300.0,Barley
2019,50kg,Sremska Mitrovica,2250.0,Barley
2019,50kg,Sremska Mitrovica,2500.0,Barley
2019,50kg,Subotica,2600.0,Barley
2019,50kg,Vranje,2650.0,Barley
2019,25000 sj,Beograd,3990.0,Corn
2019,25000 sj,Beograd,3680.0,Corn
2019,25000 sj,Beograd,3500.0,Corn
2019,25000 sj,Beograd,3190.0,Corn
2019,25000 sj,Beograd,5700.0,Corn
2019,25000 sj,Beograd,5200.0,Corn
2019,25000 sj,Beograd,4650.0,Corn
2019,25000 sj,Beograd,3200.0,Corn
2019,25000 sj,Beograd,3350.0,Corn
2019,25000 sj,Beograd,2990.0,Corn
2019,25000 sj,Beograd,3350.0,Corn
2019,25000 sj,Kikinda,4157.0,Corn
2019,25000 sj,Kikinda,3730.0,Corn
2019,25000 sj,Kikinda,3340.0,Corn
2019,25000 sj,Kikinda,3210.0,Corn
2019,25000 sj,Kikinda,5500.0,Corn
2019,25000 sj,Kikinda,4940.0,Corn
2019,25000 sj,Kikinda,4430.0,Corn
2019,25000 sj,Kikinda,4020.0,Corn
2019,25000 sj,Kikinda,3350.0,Corn
2019,25000 sj,Kikinda,3030.0,Corn
2019,25000 sj,Kikinda,4165.0,Corn
2019,25000 sj,Kikinda,3670.0,Corn
2019,25000 sj,Kikinda,2965.0,Corn
2019,25000 sj,Kragujevac,4800.0,Corn
2019,25000 sj,Kragujevac,4020.0,Corn
2019,25000 sj,Kragujevac,3550.0,Corn
2019,25000 sj,Kragujevac,3200.0,Corn
2019,25000 sj,Kragujevac,5600.0,Corn
2019,25000 sj,Kragujevac,4600.0,Corn
2019,25000 sj,Kragujevac,4100.0,Corn
2019,25000 sj,Kragujevac,3550.0,Corn
2019,25000 sj,Kragujevac,3250.0,Corn
2019,25000 sj,Kragujevac,3100.0,Corn
2019,25000 sj,Kragujevac,4550.0,Corn
2019,25000 sj,Kragujevac,3850.0,Corn
2019,25000 sj,Kragujevac,4375.0,Corn
2019,25000 sj,Kragujevac,4375.0,Corn
2019,25000 sj,Kragujevac,4050.0,Corn
2019,25000 sj,Kragujevac,4150.0,Corn
2019,25000 sj,Kraljevo,3780.0,Corn
2019,25000 sj,Kraljevo,3400.0,Corn
2019,25000 sj,Kraljevo,3200.0,Corn
2019,25000 sj,Kraljevo,3500.0,Corn
2019,25000 sj,Kraljevo,3200.0,Corn
2019,25000 sj,Kraljevo,3200.0,Corn
2019,25000 sj,Loznica,3950.0,Corn
2019,25000 sj,Loznica,3200.0,Corn
2019,25000 sj,Loznica,3100.0,Corn
2019,25000 sj,Loznica,4100.0,Corn
2019,25000 sj,Loznica,5500.0,Corn
2019,25000 sj,Loznica,3300.0,Corn
2019,25000 sj,Loznica,3500.0,Corn
2019,25000 sj,Loznica,4350.0,Corn
2019,25000 sj,Loznica,3000.0,Corn
2019,25000 sj,Niš,3990.0,Corn
2019,25000 sj,Niš,3390.0,Corn
2019,25000 sj,Niš,3200.0,Corn
2019,25000 sj,Niš,3000.0,Corn
2019,25000 sj,Niš,4900.0,Corn
2019,25000 sj,Niš,4860.0,Corn
2019,25000 sj,Niš,4960.0,Corn
2019,25000 sj,Niš,3600.0,Corn
2019,25000 sj,Niš,3230.0,Corn
2019,25000 sj,Niš,4300.0,Corn
2019,25000 sj,Niš,4300.0,Corn
2019,25000 sj,Niš,4100.0,Corn
2019,25000 sj,Niš,4120.0,Corn
2019,25000 sj,Niš,3390.0,Corn
2019,25000 sj,Niš,3300.0,Corn
2019,25000 sj,Novi Sad,3900.0,Corn
2019,25000 sj,Novi Sad,3600.0,Corn
2019,25000 sj,Novi Sad,3200.0,Corn
2019,25000 sj,Novi Sad,5500.0,Corn
2019,25000 sj,Novi Sad,5000.0,Corn
2019,25000 sj,Novi Sad,4500.0,Corn
2019,25000 sj,Novi Sad,4000.0,Corn
2019,25000 sj,Novi Sad,4730.0,Corn
2019,25000 sj,Novi Sad,4290.0,Corn
2019,25000 sj,Novi Sad,4200.0,Corn
2019,25000 sj,Novi Sad,4000.0,Corn
2019,25000 sj,Novi Sad,3670.0,Corn
2019,25000 sj,Novi Sad,3000.0,Corn
2019,25000 sj,Novi Sad,2300.0,Corn
2019,25000 sj,Pančevo,3850.0,Corn
2019,25000 sj,Pančevo,3550.0,Corn
2019,25000 sj,Pančevo,3250.0,Corn
2019,25000 sj,Pančevo,5620.0,Corn
2019,25000 sj,Pančevo,4970.0,Corn
2019,25000 sj,Pančevo,4570.0,Corn
2019,25000 sj,Pančevo,3590.0,Corn
2019,25000 sj,Pančevo,3350.0,Corn
2019,25000 sj,Pančevo,4650.0,Corn
2019,25000 sj,Pančevo,4050.0,Corn
2019,25000 sj,Pančevo,2950.0,Corn
2019,25000 sj,Pirot,4650.0,Corn
2019,25000 sj,Pirot,3750.0,Corn
2019,25000 sj,Pirot,4600.0,Corn
2019,25000 sj,Pirot,3500.0,Corn
2019,25000 sj,Pirot,4600.0,Corn
2019,25000 sj,Požarevac,3900.0,Corn
2019,25000 sj,Požarevac,3700.0,Corn
2019,25000 sj,Požarevac,3500.0,Corn
2019,25000 sj,Požarevac,3200.0,Corn
2019,25000 sj,Požarevac,5700.0,Corn
2019,25000 sj,Požarevac,5200.0,Corn
2019,25000 sj,Požarevac,4200.0,Corn
2019,25000 sj,Požarevac,3200.0,Corn
2019,25000 sj,Požarevac,3700.0,Corn
2019,25000 sj,Požarevac,3250.0,Corn
2019,25000 sj,Požarevac,4050.0,Corn
2019,25000 sj,Požarevac,3850.0,Corn
2019,25000 sj,Požarevac,4050.0,Corn
2019,25000 sj,Požarevac,3900.0,Corn
2019,25000 sj,Požarevac,2800.0,Corn
2019,25000 sj,Smederevo,3750.0,Corn
2019,25000 sj,Smederevo,3350.0,Corn
2019,25000 sj,Smederevo,3150.0,Corn
2019,25000 sj,Smederevo,3200.0,Corn
2019,25000 sj,Smederevo,3400.0,Corn
2019,25000 sj,Smederevo,3500.0,Corn
2019,25000 sj,Smederevo,3200.0,Corn
2019,25000 sj,Smederevo,4130.0,Corn
2019,25000 sj,Sombor,3095.0,Corn
2019,25000 sj,Sombor,3095.0,Corn
2019,25000 sj,Sombor,3850.0,Corn
2019,25000 sj,Sombor,4300.0,Corn
2019,25000 sj,Sombor,4800.0,Corn
2019,25000 sj,Sombor,5022.0,Corn
2019,25000 sj,Sombor,5900.0,Corn
2019,25000 sj,Sombor,3250.0,Corn
2019,25000 sj,Sombor,3500.0,Corn
2019,25000 sj,Sombor,4350.0,Corn
2019,25000 sj,Sombor,3029.0,Corn
2019,25000 sj,Sremska Mitrovica,3900.0,Corn
2019,25000 sj,Sremska Mitrovica,3500.0,Corn
2019,25000 sj,Sremska Mitrovica,3300.0,Corn
2019,25000 sj,Sremska Mitrovica,5800.0,Corn
2019,25000 sj,Sremska Mitrovica,5500.0,Corn
2019,25000 sj,Sremska Mitrovica,4800.0,Corn
2019,25000 sj,Sremska Mitrovica,4200.0,Corn
2019,25000 sj,Sremska Mitrovica,4700.0,Corn
2019,25000 sj,Sremska Mitrovica,4400.0,Corn
2019,25000 sj,Subotica,3800.0,Corn
2019,25000 sj,Subotica,3500.0,Corn
2019,25000 sj,Subotica,3700.0,Corn
2019,25000 sj,Subotica,3800.0,Corn
2019,25000 sj,Subotica,4700.0,Corn
2019,25000 sj,Subotica,4930.0,Corn
2019,25000 sj,Subotica,5320.0,Corn
2019,25000 sj,Subotica,6100.0,Corn
2019,25000 sj,Subotica,3400.0,Corn
2019,25000 sj,Subotica,3200.0,Corn
2019,25000 sj,Subotica,3200.0,Corn
2019,25000 sj,Vranje,3990.0,Corn
2019,25000 sj,Vranje,3590.0,Corn
2019,25000 sj,Vranje,2990.0,Corn
2019,25000 sj,Vranje,3250.0,Corn
2019,25000 sj,Vranje,3250.0,Corn
2019,25000 sj,Vranje,4490.0,Corn
2019,25000 sj,Zaječar,3800.0,Corn
2019,25000 sj,Zaječar,3000.0,Corn
2019,25000 sj,Zaječar,3000.0,Corn
2019,25000 sj,Zaječar,3600.0,Corn
2019,25000 sj,Zaječar,3250.0,Corn
2019,25000 sj,Zrenjanin,3347.0,Corn
2019,25000 sj,Zrenjanin,3733.0,Corn
2019,25000 sj,Zrenjanin,4162.0,Corn
2019,25000 sj,Zrenjanin,5500.0,Corn
2019,25000 sj,Zrenjanin,4940.0,Corn
2019,25000 sj,Zrenjanin,4430.0,Corn
2019,25000 sj,Zrenjanin,4020.0,Corn
2019,25000 sj,Zrenjanin,3800.0,Corn
2019,25000 sj,Zrenjanin,3450.0,Corn
2019,25000 sj,Zrenjanin,4980.0,Corn
2019,25000 sj,Zrenjanin,4367.0,Corn
2019,25000 sj,Zrenjanin,3780.0,Corn
2019,25000 sj,Zrenjanin,2965.0,Corn
2019,25000 sj,Čačak,3750.0,Corn
2019,25000 sj,Čačak,3450.0,Corn
2019,25000 sj,Čačak,3100.0,Corn
2019,25000 sj,Čačak,3400.0,Corn
2019,25000 sj,Čačak,3200.0,Corn
2019,25000 sj,Čačak,3200.0,Corn
2019,25000sj,Beograd,4180.0,Corn
2019,25000sj,Kikinda,4490.0,Corn
2019,25000sj,Kragujevac,4250.0,Corn
2019,25000sj,Kragujevac,4850.0,Corn
2019,25000sj,Kraljevo,4500.0,Corn
2019,25000sj,Loznica,4500.0,Corn
2019,25000sj,Niš,4990.0,Corn
2019,25000sj,Novi Sad,3000.0,Corn
2019,25000sj,Novi Sad,4000.0,Corn
2019,25000sj,Pančevo,3890.0,Corn
2019,25000sj,Požarevac,4400.0,Corn
2019,25000sj,Smederevo,4480.0,Corn
2019,25000sj,Sombor,4580.0,Corn
2019,25000sj,Subotica,4400.0,Corn
2019,25000sj,Zrenjanin,5252.0,Corn
2019,25000sj,Čačak,4500.0,Corn
2019,30000sj,Beograd,3920.0,Corn
2019,30000sj,Beograd,4275.0,Corn
2019,30000sj,Beograd,3380.0,Corn
2019,30000sj,Kikinda,3325.0,Corn
2019,30000sj,Kikinda,3325.0,Corn
2019,30000sj,Kikinda,4085.0,Corn
2019,30000sj,Kragujevac,3850.0,Corn
2019,30000sj,Kragujevac,4250.0,Corn
2019,30000sj,Kragujevac,4100.0,Corn
2019,30000sj,Kraljevo,4100.0,Corn
2019,30000sj,Loznica,3000.0,Corn
2019,30000sj,Loznica,3700.0,Corn
2019,30000sj,Niš,3890.0,Corn
2019,30000sj,Niš,3990.0,Corn
2019,30000sj,Niš,3900.0,Corn
2019,30000sj,Novi Sad,4100.0,Corn
2019,30000sj,Novi Sad,3600.0,Corn
2019,30000sj,Pančevo,3750.0,Corn
2019,30000sj,Pančevo,4200.0,Corn
2019,30000sj,Pančevo,3250.0,Corn
2019,30000sj,Pirot,4700.0,Corn
2019,30000sj,Pirot,4200.0,Corn
2019,30000sj,Požarevac,3850.0,Corn
2019,30000sj,Sombor,3800.0,Corn
2019,30000sj,Sombor,3100.0,Corn
2019,30000sj,Subotica,3000.0,Corn
2019,30000sj,Subotica,3200.0,Corn
2019,30000sj,Vranje,4150.0,Corn
2019,30000sj,Zaječar,3100.0,Corn
2019,30000sj,Zrenjanin,3550.0,Corn
2019,30000sj,Zrenjanin,4200.0,Corn
2019,30000sj,Zrenjanin,4360.0,Corn
2019,30000sj,Čačak,4050.0,Corn
2019,25 kg,Beograd,925.0,Wheat
2019,25 kg,Beograd,1400.0,Wheat
2019,25 kg,Kikinda,1025.0,Wheat
2019,25 kg,Kikinda,1700.0,Wheat
2019,25 kg,Kikinda,1500.0,Wheat
2019,25 kg,Kikinda,1325.0,Wheat
2019,25 kg,Kikinda,1700.0,Wheat
2019,25 kg,Kragujevac,1012.0,Wheat
2019,25 kg,Kragujevac,1385.0,Wheat
2019,25 kg,Kragujevac,1575.0,Wheat
2019,25 kg,Kragujevac,1385.0,Wheat
2019,25 kg,Kragujevac,1485.0,Wheat
2019,25 kg,Kraljevo,950.0,Wheat
2019,25 kg,Kraljevo,1500.0,Wheat
2019,25 kg,Kraljevo,1575.0,Wheat
2019,25 kg,Kraljevo,1400.0,Wheat
2019,25 kg,Loznica,850.0,Wheat
2019,25 kg,Loznica,1375.0,Wheat
2019,25 kg,Loznica,1550.0,Wheat
2019,25 kg,Loznica,1325.0,Wheat
2019,25 kg,Loznica,1700.0,Wheat
2019,25 kg,Novi Sad,1000.0,Wheat
2019,25 kg,Novi Sad,1375.0,Wheat
2019,25 kg,Novi Sad,1550.0,Wheat
2019,25 kg,Novi Sad,1550.0,Wheat
2019,25 kg,Pančevo,975.0,Wheat
2019,25 kg,Pančevo,1625.0,Wheat
2019,25 kg,Pančevo,1625.0,Wheat
2019,25 kg,Pančevo,1625.0,Wheat
2019,25 kg,Pančevo,1625.0,Wheat
2019,25 kg,Pirot,1000.0,Wheat
2019,25 kg,Pirot,1500.0,Wheat
2019,25 kg,Pirot,1600.0,Wheat
2019,25 kg,Pirot,1450.0,Wheat
2019,25 kg,Pirot,1600.0,Wheat
2019,25 kg,Požarevac,950.0,Wheat
2019,25 kg,Požarevac,1400.0,Wheat
2019,25 kg,Požarevac,1500.0,Wheat
2019,25 kg,Požarevac,1400.0,Wheat
2019,25 kg,Požarevac,1600.0,Wheat
2019,25 kg,Smederevo,1000.0,Wheat
2019,25 kg,Smederevo,1350.0,Wheat
2019,25 kg,Smederevo,1325.0,Wheat
2019,25 kg,Sombor,990.0,Wheat
2019,25 kg,Sombor,1450.0,Wheat
2019,25 kg,Sombor,1650.0,Wheat
2019,25 kg,Sombor,1800.0,Wheat
2019,25 kg,Sremska Mitrovica,950.0,Wheat
2019,25 kg,Sremska Mitrovica,1450.0,Wheat
2019,25 kg,Sremska Mitrovica,1700.0,Wheat
2019,25 kg,Sremska Mitrovica,1400.0,Wheat
2019,25 kg,Sremska Mitrovica,1450.0,Wheat
2019,25 kg,Subotica,875.0,Wheat
2019,25 kg,Vranje,1500.0,Wheat
2019,25 kg,Zaječar,900.0,Wheat
2019,25 kg,Zaječar,1450.0,Wheat
2019,25 kg,Zrenjanin,1125.0,Wheat
2019,25 kg,Zrenjanin,1575.0,Wheat
2019,25 kg,Zrenjanin,1700.0,Wheat
2019,25 kg,Zrenjanin,1850.0,Wheat
2019,25 kg,Čačak,980.0,Wheat
2019,25 kg,Čačak,1550.0,Wheat
2019,25 kg,Čačak,1600.0,Wheat
2019,25 kg,Čačak,1400.0,Wheat
2019,30 kg,Beograd,1700.0,Wheat
2019,30 kg,Kragujevac,1635.0,Wheat
2019,30 kg,Požarevac,1710.0,Wheat
2019,50 kg,Beograd,1850.0,Wheat
2019,50 kg,Beograd,2850.0,Wheat
2019,50 kg,Beograd,3100.0,Wheat
2019,50 kg,Kragujevac,1975.0,Wheat
2019,50 kg,Kragujevac,1975.0,Wheat
2019,50 kg,Kragujevac,2725.0,Wheat
2019,50 kg,Kragujevac,3050.0,Wheat
2019,50 kg,Pančevo,1850.0,Wheat
2019,50 kg,Požarevac,1950.0,Wheat
2019,50 kg,Požarevac,2900.0,Wheat
2019,50 kg,Požarevac,3100.0,Wheat
2019,50 kg,Smederevo,1650.0,Wheat
2019,50 kg,Smederevo,2700.0,Wheat
2019,50 kg,Sombor,1950.0,Wheat
2019,50 kg,Sombor,2850.0,Wheat
2019,50 kg,Sombor,3250.0,Wheat
2019,50 kg,Sremska Mitrovica,1800.0,Wheat
2019,50 kg,Sremska Mitrovica,2800.0,Wheat
2019,50 kg,Sremska Mitrovica,2750.0,Wheat
2019,50 kg,Sremska Mitrovica,3100.0,Wheat
2019,50 kg,Subotica,1750.0,Wheat
2019,50 kg,Subotica,1750.0,Wheat
2019,50 kg,Subotica,3100.0,Wheat
2019,50 kg,Čačak,1850.0,Wheat
2019,50 kg,Čačak,3200.0,Wheat
2020,25 kg,Kikinda,1200.0,Barley
2020,25 kg,Kragujevac,1175.0,Barley
2020,25 kg,Kraljevo,1180.0,Barley
2020,25 kg,Niš,1400.0,Barley
2020,25 kg,Pančevo,1400.0,Barley
2020,25 kg,Pirot,1125.0,Barley
2020,25 kg,Požarevac,1000.0,Barley
2020,25 kg,Subotica,1200.0,Barley
2020,25 kg,Čačak,1200.0,Barley
2020,25kg,Beograd,1175.0,Barley
2020,25kg,Beograd,1325.0,Barley
2020,25kg,Kragujevac,1175.0,Barley
2020,25kg,Kragujevac,1400.0,Barley
2020,25kg,Kraljevo,1180.0,Barley
2020,25kg,Niš,1400.0,Barley
2020,25kg,Novi Sad,1125.0,Barley
2020,25kg,Novi Sad,1325.0,Barley
2020,25kg,Pančevo,1300.0,Barley
2020,25kg,Pančevo,1300.0,Barley
2020,25kg,Pirot,1000.0,Barley
2020,25kg,Požarevac,1250.0,Barley
2020,25kg,Požarevac,1375.0,Barley
2020,25kg,Smederevo,1050.0,Barley
2020,25kg,Smederevo,1375.0,Barley
2020,25kg,Subotica,1275.0,Barley
2020,25kg,Zaječar,1200.0,Barley
2020,25kg,Čačak,925.0,Barley
2020,40kg,Kragujevac,1800.0,Barley
2020,45kg,Kragujevac,2070.0,Barley
2020,45kg,Požarevac,2250.0,Barley
2020,50 kg,Beograd,2400.0,Barley
2020,50 kg,Beograd,2400.0,Barley
2020,50 kg,Kragujevac,2250.0,Barley
2020,50 kg,Kragujevac,2300.0,Barley
2020,50 kg,Novi Sad,2250.0,Barley
2020,50 kg,Novi Sad,2250.0,Barley
2020,50 kg,Pirot,2400.0,Barley
2020,50 kg,Požarevac,2300.0,Barley
2020,50 kg,Požarevac,2000.0,Barley
2020,50 kg,Sombor,2700.0,Barley
2020,50 kg,Sombor,2650.0,Barley
2020,50 kg,Subotica,2450.0,Barley
2020,50 kg,Vranje,2800.0,Barley
2020,50 kg,Vranje,2250.0,Barley
2020,50kg,Beograd,2350.0,Barley
2020,50kg,Beograd,2650.0,Barley
2020,50kg,Kikinda,2500.0,Barley
2020,50kg,Kragujevac,2200.0,Barley
2020,50kg,Kragujevac,2250.0,Barley
2020,50kg,Kragujevac,2700.0,Barley
2020,50kg,Niš,2800.0,Barley
2020,50kg,Niš,2750.0,Barley
2020,50kg,Niš,3000.0,Barley
2020,50kg,Pirot,2000.0,Barley
2020,50kg,Požarevac,2450.0,Barley
2020,50kg,Požarevac,2350.0,Barley
2020,50kg,Požarevac,2850.0,Barley
2020,50kg,Smederevo,2300.0,Barley
2020,50kg,Smederevo,2400.0,Barley
2020,50kg,Sombor,2750.0,Barley
2020,50kg,Vranje,2700.0,Barley
2020,50kg,Zrenjanin,2650.0,Barley
2020,50kg,Čačak,1850.0,Barley
2020,25000 sj,Beograd,3800.0,Corn
2020,25000 sj,Beograd,3450.0,Corn
2020,25000 sj,Beograd,3100.0,Corn
2020,25000 sj,Beograd,2850.0,Corn
2020,25000 sj,Beograd,5700.0,Corn
2020,25000 sj,Beograd,5200.0,Corn
2020,25000 sj,Beograd,4450.0,Corn
2020,25000 sj,Beograd,3300.0,Corn
2020,25000 sj,Beograd,3550.0,Corn
2020,25000 sj,Beograd,3350.0,Corn
2020,25000 sj,Beograd,3020.0,Corn
2020,25000 sj,Beograd,4050.0,Corn
2020,25000 sj,Beograd,3860.0,Corn
2020,25000 sj,Kikinda,3840.0,Corn
2020,25000 sj,Kikinda,3400.0,Corn
2020,25000 sj,Kikinda,3400.0,Corn
2020,25000 sj,Kikinda,3300.0,Corn
2020,25000 sj,Kikinda,3680.0,Corn
2020,25000 sj,Kikinda,3450.0,Corn
2020,25000 sj,Kikinda,4450.0,Corn
2020,25000 sj,Kikinda,3800.0,Corn
2020,25000 sj,Kikinda,3000.0,Corn
2020,25000 sj,Kragujevac,4290.0,Corn
2020,25000 sj,Kragujevac,3500.0,Corn
2020,25000 sj,Kragujevac,3850.0,Corn
2020,25000 sj,Kragujevac,4390.0,Corn
2020,25000 sj,Kragujevac,4200.0,Corn
2020,25000 sj,Kragujevac,5000.0,Corn
2020,25000 sj,Kragujevac,5500.0,Corn
2020,25000 sj,Kragujevac,5200.0,Corn
2020,25000 sj,Kragujevac,3450.0,Corn
2020,25000 sj,Kragujevac,3500.0,Corn
2020,25000 sj,Kragujevac,4700.0,Corn
2020,25000 sj,Kragujevac,4800.0,Corn
2020,25000 sj,Kragujevac,4000.0,Corn
2020,25000 sj,Kragujevac,4200.0,Corn
2020,25000 sj,Kragujevac,4500.0,Corn
2020,25000 sj,Kragujevac,4500.0,Corn
2020,25000 sj,Kraljevo,4290.0,Corn
2020,25000 sj,Kraljevo,3850.0,Corn
2020,25000 sj,Kraljevo,3400.0,Corn
2020,25000 sj,Kraljevo,3600.0,Corn
2020,25000 sj,Kraljevo,3900.0,Corn
2020,25000 sj,Loznica,3100.0,Corn
2020,25000 sj,Loznica,3800.0,Corn
2020,25000 sj,Loznica,3150.0,Corn
2020,25000 sj,Loznica,4350.0,Corn
2020,25000 sj,Loznica,5820.0,Corn
2020,25000 sj,Loznica,3750.0,Corn
2020,25000 sj,Loznica,3750.0,Corn
2020,25000 sj,Loznica,4550.0,Corn
2020,25000 sj,Loznica,3850.0,Corn
2020,25000 sj,Niš,3860.0,Corn
2020,25000 sj,Niš,3960.0,Corn
2020,25000 sj,Niš,4020.0,Corn
2020,25000 sj,Niš,5200.0,Corn
2020,25000 sj,Niš,5920.0,Corn
2020,25000 sj,Niš,3250.0,Corn
2020,25000 sj,Niš,3550.0,Corn
2020,25000 sj,Niš,4200.0,Corn
2020,25000 sj,Niš,4680.0,Corn
2020,25000 sj,Niš,4300.0,Corn
2020,25000 sj,Novi Sad,4100.0,Corn
2020,25000 sj,Novi Sad,3800.0,Corn
2020,25000 sj,Novi Sad,3200.0,Corn
2020,25000 sj,Novi Sad,5800.0,Corn
2020,25000 sj,Novi Sad,5200.0,Corn
2020,25000 sj,Novi Sad,4800.0,Corn
2020,25000 sj,Novi Sad,4150.0,Corn
2020,25000 sj,Novi Sad,3750.0,Corn
2020,25000 sj,Novi Sad,3450.0,Corn
2020,25000 sj,Novi Sad,5000.0,Corn
2020,25000 sj,Novi Sad,5500.0,Corn
2020,25000 sj,Novi Sad,4500.0,Corn
2020,25000 sj,Novi Sad,3800.0,Corn
2020,25000 sj,Novi Sad,5350.0,Corn
2020,25000 sj,Novi Sad,4950.0,Corn
2020,25000 sj,Pančevo,3090.0,Corn
2020,25000 sj,Pančevo,3450.0,Corn
2020,25000 sj,Pančevo,3860.0,Corn
2020,25000 sj,Pančevo,3450.0,Corn
2020,25000 sj,Pirot,3900.0,Corn
2020,25000 sj,Pirot,4000.0,Corn
2020,25000 sj,Pirot,5000.0,Corn
2020,25000 sj,Pirot,4600.0,Corn
2020,25000 sj,Pirot,4600.0,Corn
2020,25000 sj,Požarevac,7150.0,Corn
2020,25000 sj,Požarevac,4290.0,Corn
2020,25000 sj,Požarevac,3850.0,Corn
2020,25000 sj,Požarevac,3200.0,Corn
2020,25000 sj,Požarevac,5900.0,Corn
2020,25000 sj,Požarevac,5250.0,Corn
2020,25000 sj,Požarevac,4850.0,Corn
2020,25000 sj,Požarevac,3250.0,Corn
2020,25000 sj,Požarevac,3200.0,Corn
2020,25000 sj,Požarevac,4590.0,Corn
2020,25000 sj,Požarevac,3950.0,Corn
2020,25000 sj,Požarevac,4260.0,Corn
2020,25000 sj,Smederevo,3750.0,Corn
2020,25000 sj,Smederevo,3350.0,Corn
2020,25000 sj,Smederevo,3150.0,Corn
2020,25000 sj,Smederevo,3200.0,Corn
2020,25000 sj,Smederevo,3400.0,Corn
2020,25000 sj,Smederevo,3500.0,Corn
2020,25000 sj,Smederevo,3200.0,Corn
2020,25000 sj,Smederevo,4130.0,Corn
2020,25000 sj,Sombor,3950.0,Corn
2020,25000 sj,Sombor,3240.0,Corn
2020,25000 sj,Sombor,4254.0,Corn
2020,25000 sj,Sombor,3750.0,Corn
2020,25000 sj,Sombor,3450.0,Corn
2020,25000 sj,Sombor,4662.0,Corn
2020,25000 sj,Sremska Mitrovica,3900.0,Corn
2020,25000 sj,Sremska Mitrovica,3500.0,Corn
2020,25000 sj,Sremska Mitrovica,3300.0,Corn
2020,25000 sj,Sremska Mitrovica,5800.0,Corn
2020,25000 sj,Sremska Mitrovica,5500.0,Corn
2020,25000 sj,Sremska Mitrovica,4800.0,Corn
2020,25000 sj,Sremska Mitrovica,4200.0,Corn
2020,25000 sj,Sremska Mitrovica,4700.0,Corn
2020,25000 sj,Sremska Mitrovica,4400.0,Corn
2020,25000 sj,Subotica,3780.0,Corn
2020,25000 sj,Subotica,3850.0,Corn
2020,25000 sj,Subotica,4290.0,Corn
2020,25000 sj,Subotica,4350.0,Corn
2020,25000 sj,Subotica,4800.0,Corn
2020,25000 sj,Subotica,5450.0,Corn
2020,25000 sj,Subotica,5850.0,Corn
2020,25000 sj,Subotica,3150.0,Corn
2020,25000 sj,Subotica,3500.0,Corn
2020,25000 sj,Subotica,3900.0,Corn
2020,25000 sj,Vranje,4290.0,Corn
2020,25000 sj,Vranje,3850.0,Corn
2020,25000 sj,Vranje,3850.0,Corn
2020,25000 sj,Vranje,3750.0,Corn
2020,25000 sj,Vranje,3450.0,Corn
2020,25000 sj,Zaječar,4290.0,Corn
2020,25000 sj,Zaječar,3850.0,Corn
2020,25000 sj,Zaječar,3410.0,Corn
2020,25000 sj,Zaječar,3750.0,Corn
2020,25000 sj,Zaječar,3450.0,Corn
2020,25000 sj,Zrenjanin,3850.0,Corn
2020,25000 sj,Zrenjanin,3780.0,Corn
2020,25000 sj,Zrenjanin,5860.0,Corn
2020,25000 sj,Zrenjanin,5170.0,Corn
2020,25000 sj,Zrenjanin,4750.0,Corn
2020,25000 sj,Zrenjanin,4250.0,Corn
2020,25000 sj,Zrenjanin,3750.0,Corn
2020,25000 sj,Zrenjanin,3450.0,Corn
2020,25000 sj,Čačak,4000.0,Corn
2020,25000 sj,Čačak,4950.0,Corn
2020,25000 sj,Čačak,3750.0,Corn
2020,25000sj,Beograd,4100.0,Corn
2020,25000sj,Kikinda,4500.0,Corn
2020,25000sj,Kragujevac,4700.0,Corn
2020,25000sj,Kragujevac,4900.0,Corn
2020,25000sj,Kraljevo,4500.0,Corn
2020,25000sj,Niš,4380.0,Corn
2020,25000sj,Niš,4380.0,Corn
2020,25000sj,Smederevo,4480.0,Corn
2020,25000sj,Sombor,4033.0,Corn
2020,25000sj,Subotica,4000.0,Corn
2020,25000sj,Zrenjanin,4033.0,Corn
2020,25000sj,Čačak,4400.0,Corn
2020,30000sj,Beograd,3800.0,Corn
2020,30000sj,Beograd,4100.0,Corn
2020,30000sj,Beograd,3350.0,Corn
2020,30000sj,Kikinda,3300.0,Corn
2020,30000sj,Kikinda,3300.0,Corn
2020,30000sj,Kikinda,4200.0,Corn
2020,30000sj,Kragujevac,4250.0,Corn
2020,30000sj,Kragujevac,4250.0,Corn
2020,30000sj,Kragujevac,4400.0,Corn
2020,30000sj,Kraljevo,4200.0,Corn
2020,30000sj,Loznica,4000.0,Corn
2020,30000sj,Loznica,4300.0,Corn
2020,30000sj,Niš,3620.0,Corn
2020,30000sj,Niš,3700.0,Corn
2020,30000sj,Niš,4120.0,Corn
2020,30000sj,Novi Sad,3200.0,Corn
2020,30000sj,Pirot,5100.0,Corn
2020,30000sj,Pirot,5100.0,Corn
2020,30000sj,Požarevac,3800.0,Corn
2020,30000sj,Subotica,4000.0,Corn
2020,30000sj,Subotica,4000.0,Corn
2020,30000sj,Vranje,4000.0,Corn
2020,30000sj,Zaječar,3999.0,Corn
2020,30000sj,Zaječar,3999.0,Corn
2020,25 kg,Beograd,1175.0,Wheat
2020,25 kg,Beograd,1375.0,Wheat
2020,25 kg,Beograd,1650.0,Wheat
2020,25 kg,Beograd,1400.0,Wheat
2020,25 kg,Beograd,1450.0,Wheat
2020,25 kg,Kikinda,1375.0,Wheat
2020,25 kg,Kragujevac,1025.0,Wheat
2020,25 kg,Kragujevac,1400.0,Wheat
2020,25 kg,Kragujevac,1600.0,Wheat
2020,25 kg,Kragujevac,1400.0,Wheat
2020,25 kg,Kragujevac,1500.0,Wheat
2020,25 kg,Kraljevo,1060.0,Wheat
2020,25 kg,Kraljevo,1475.0,Wheat
2020,25 kg,Kraljevo,1650.0,Wheat
2020,25 kg,Kraljevo,1375.0,Wheat
2020,25 kg,Loznica,1000.0,Wheat
2020,25 kg,Loznica,1450.0,Wheat
2020,25 kg,Loznica,1325.0,Wheat
2020,25 kg,Loznica,1700.0,Wheat
2020,25 kg,Niš,1075.0,Wheat
2020,25 kg,Niš,1500.0,Wheat
2020,25 kg,Niš,1650.0,Wheat
2020,25 kg,Niš,1500.0,Wheat
2020,25 kg,Niš,1600.0,Wheat
2020,25 kg,Novi Sad,1125.0,Wheat
2020,25 kg,Novi Sad,1375.0,Wheat
2020,25 kg,Novi Sad,1500.0,Wheat
2020,25 kg,Pančevo,1100.0,Wheat
2020,25 kg,Pančevo,1375.0,Wheat
2020,25 kg,Pančevo,1375.0,Wheat
2020,25 kg,Pančevo,1400.0,Wheat
2020,25 kg,Pančevo,1450.0,Wheat
2020,25 kg,Pirot,1100.0,Wheat
2020,25 kg,Pirot,1500.0,Wheat
2020,25 kg,Pirot,1600.0,Wheat
2020,25 kg,Pirot,1500.0,Wheat
2020,25 kg,Požarevac,1000.0,Wheat
2020,25 kg,Požarevac,1450.0,Wheat
2020,25 kg,Požarevac,1550.0,Wheat
2020,25 kg,Požarevac,1425.0,Wheat
2020,25 kg,Požarevac,1600.0,Wheat
2020,25 kg,Smederevo,1325.0,Wheat
2020,25 kg,Smederevo,1400.0,Wheat
2020,25 kg,Smederevo,1300.0,Wheat
2020,25 kg,Sombor,1100.0,Wheat
2020,25 kg,Sombor,1500.0,Wheat
2020,25 kg,Sombor,1525.0,Wheat
2020,25 kg,Subotica,1700.0,Wheat
2020,25 kg,Vranje,1500.0,Wheat
2020,25 kg,Vranje,1750.0,Wheat
2020,25 kg,Vranje,1725.0,Wheat
2020,25 kg,Zaječar,1075.0,Wheat
2020,25 kg,Zaječar,1450.0,Wheat
2020,25 kg,Zrenjanin,1425.0,Wheat
2020,25 kg,Zrenjanin,1900.0,Wheat
2020,25 kg,Čačak,925.0,Wheat
2020,25 kg,Čačak,1125.0,Wheat
2020,25 kg,Čačak,1350.0,Wheat
2020,30 kg,Beograd,1680.0,Wheat
2020,30 kg,Kragujevac,1650.0,Wheat
2020,30 kg,Požarevac,1740.0,Wheat
2020,50 kg,Beograd,2050.0,Wheat
2020,50 kg,Beograd,2700.0,Wheat
2020,50 kg,Kragujevac,2000.0,Wheat
2020,50 kg,Kragujevac,2000.0,Wheat
2020,50 kg,Kragujevac,2750.0,Wheat
2020,50 kg,Kragujevac,3100.0,Wheat
2020,50 kg,Kraljevo,2100.0,Wheat
2020,50 kg,Loznica,2000.0,Wheat
2020,50 kg,Pančevo,2050.0,Wheat
2020,50 kg,Požarevac,2050.0,Wheat
2020,50 kg,Požarevac,2900.0,Wheat
2020,50 kg,Požarevac,3050.0,Wheat
2020,50 kg,Smederevo,2200.0,Wheat
2020,50 kg,Smederevo,2150.0,Wheat
2020,50 kg,Smederevo,2750.0,Wheat
2020,50 kg,Smederevo,2650.0,Wheat
2020,50 kg,Sombor,2050.0,Wheat
2020,50 kg,Subotica,1900.0,Wheat
2020,50 kg,Subotica,2850.0,Wheat
2020,50 kg,Vranje,2150.0,Wheat
2020,50 kg,Zaječar,2150.0,Wheat
2020,50 kg,Zaječar,2900.0,Wheat
2020,50 kg,Zrenjanin,2250.0,Wheat
2020,50 kg,Čačak,1850.0,Wheat
2020,50 kg,Čačak,2250.0,Wheat
2021,25 kg,Kragujevac,1450.0,Barley
2021,25 kg,Loznica,1450.0,Barley
2021,25 kg,Niš,1250.0,Barley
2021,25 kg,Pančevo,1500.0,Barley
2021,25 kg,Pirot,1300.0,Barley
2021,25 kg,Požarevac,1475.0,Barley
2021,25 kg,Sremska Mitrovica,1375.0,Barley
2021,25 kg,Subotica,1362.0,Barley
2021,25 kg,Vranje,1250.0,Barley
2021,25 kg,Zaječar,1400.0,Barley
2021,25 kg,Zrenjanin,1600.0,Barley
2021,25 kg,Čačak,1000.0,Barley
2021,25kg,Beograd,1525.0,Barley
2021,25kg,Kikinda,1325.0,Barley
2021,25kg,Kragujevac,1500.0,Barley
2021,25kg,Kragujevac,1575.0,Barley
2021,25kg,Kraljevo,1275.0,Barley
2021,25kg,Kraljevo,1525.0,Barley
2021,25kg,Niš,1300.0,Barley
2021,25kg,Niš,1425.0,Barley
2021,25kg,Novi Sad,1350.0,Barley
2021,25kg,Novi Sad,1300.0,Barley
2021,25kg,Pančevo,1550.0,Barley
2021,25kg,Pirot,1375.0,Barley
2021,25kg,Požarevac,1375.0,Barley
2021,25kg,Smederevo,1300.0,Barley
2021,25kg,Smederevo,2600.0,Barley
2021,25kg,Sombor,1625.0,Barley
2021,25kg,Sombor,1600.0,Barley
2021,25kg,Sremska Mitrovica,1400.0,Barley
2021,25kg,Sremska Mitrovica,1375.0,Barley
2021,25kg,Zaječar,1500.0,Barley
2021,25kg,Zrenjanin,1600.0,Barley
2021,25kg,Zrenjanin,1325.0,Barley
2021,25kg,Čačak,1375.0,Barley
2021,26 kg,Kikinda,1300.0,Barley
2021,26 kg,Loznica,1327.0,Barley
2021,26 kg,Subotica,1208.0,Barley
2021,40kg,Kragujevac,2400.0,Barley
2021,40kg,Sremska Mitrovica,2400.0,Barley
2021,40kg,Subotica,2160.0,Barley
2021,45kg,Kragujevac,2610.0,Barley
2021,45kg,Čačak,2475.0,Barley
2021,50 kg,Beograd,3000.0,Barley
2021,50 kg,Beograd,2900.0,Barley
2021,50 kg,Kikinda,2900.0,Barley
2021,50 kg,Kragujevac,2900.0,Barley
2021,50 kg,Kragujevac,2750.0,Barley
2021,50 kg,Niš,2500.0,Barley
2021,50 kg,Novi Sad,2700.0,Barley
2021,50 kg,Pirot,2600.0,Barley
2021,50 kg,Požarevac,2950.0,Barley
2021,50 kg,Subotica,2700.0,Barley
2021,50kg,Kikinda,2650.0,Barley
2021,50kg,Kragujevac,2850.0,Barley
2021,50kg,Kragujevac,2750.0,Barley
2021,50kg,Kragujevac,3000.0,Barley
2021,50kg,Kraljevo,2450.0,Barley
2021,50kg,Niš,2600.0,Barley
2021,50kg,Niš,2850.0,Barley
2021,50kg,Novi Sad,2600.0,Barley
2021,50kg,Pančevo,1800.0,Barley
2021,50kg,Pirot,2750.0,Barley
2021,50kg,Smederevo,2500.0,Barley
2021,50kg,Smederevo,2600.0,Barley
2021,50kg,Subotica,2700.0,Barley
2021,50kg,Zaječar,3100.0,Barley
2021,25000 sj,Beograd,4620.0,Corn
2021,25000 sj,Beograd,4320.0,Corn
2021,25000 sj,Beograd,4050.0,Corn
2021,25000 sj,Beograd,3230.0,Corn
2021,25000 sj,Beograd,7500.0,Corn
2021,25000 sj,Beograd,6400.0,Corn
2021,25000 sj,Beograd,5400.0,Corn
2021,25000 sj,Beograd,4100.0,Corn
2021,25000 sj,Beograd,3700.0,Corn
2021,25000 sj,Beograd,5280.0,Corn
2021,25000 sj,Beograd,4300.0,Corn
2021,25000 sj,Kikinda,3840.0,Corn
2021,25000 sj,Kikinda,3400.0,Corn
2021,25000 sj,Kikinda,3400.0,Corn
2021,25000 sj,Kikinda,3300.0,Corn
2021,25000 sj,Kikinda,5500.0,Corn
2021,25000 sj,Kikinda,4900.0,Corn
2021,25000 sj,Kikinda,4440.0,Corn
2021,25000 sj,Kikinda,4020.0,Corn
2021,25000 sj,Kikinda,3700.0,Corn
2021,25000 sj,Kikinda,3480.0,Corn
2021,25000 sj,Kikinda,4500.0,Corn
2021,25000 sj,Kikinda,3800.0,Corn
2021,25000 sj,Kikinda,3000.0,Corn
2021,25000 sj,Kragujevac,4550.0,Corn
2021,25000 sj,Kragujevac,4150.0,Corn
2021,25000 sj,Kragujevac,3450.0,Corn
2021,25000 sj,Kragujevac,3450.0,Corn
2021,25000 sj,Kragujevac,6200.0,Corn
2021,25000 sj,Kragujevac,4800.0,Corn
2021,25000 sj,Kragujevac,4000.0,Corn
2021,25000 sj,Kragujevac,3800.0,Corn
2021,25000 sj,Kragujevac,5000.0,Corn
2021,25000 sj,Kragujevac,3825.0,Corn
2021,25000 sj,Kragujevac,5000.0,Corn
2021,25000 sj,Kragujevac,3850.0,Corn
2021,25000 sj,Kragujevac,5200.0,Corn
2021,25000 sj,Kragujevac,4450.0,Corn
2021,25000 sj,Kragujevac,4250.0,Corn
2021,25000 sj,Kragujevac,4150.0,Corn
2021,25000 sj,Kraljevo,4620.0,Corn
2021,25000 sj,Kraljevo,4070.0,Corn
2021,25000 sj,Kraljevo,3800.0,Corn
2021,25000 sj,Kraljevo,4900.0,Corn
2021,25000 sj,Kraljevo,3850.0,Corn
2021,25000 sj,Kraljevo,4200.0,Corn
2021,25000 sj,Loznica,3600.0,Corn
2021,25000 sj,Loznica,4400.0,Corn
2021,25000 sj,Loznica,3800.0,Corn
2021,25000 sj,Loznica,4400.0,Corn
2021,25000 sj,Loznica,4000.0,Corn
2021,25000 sj,Niš,3410.0,Corn
2021,25000 sj,Niš,4070.0,Corn
2021,25000 sj,Niš,4620.0,Corn
2021,25000 sj,Niš,5800.0,Corn
2021,25000 sj,Niš,6150.0,Corn
2021,25000 sj,Niš,7040.0,Corn
2021,25000 sj,Niš,6200.0,Corn
2021,25000 sj,Niš,3850.0,Corn
2021,25000 sj,Niš,4150.0,Corn
2021,25000 sj,Niš,4300.0,Corn
2021,25000 sj,Niš,4500.0,Corn
2021,25000 sj,Niš,4850.0,Corn
2021,25000 sj,Niš,5030.0,Corn
2021,25000 sj,Novi Sad,3900.0,Corn
2021,25000 sj,Novi Sad,7150.0,Corn
2021,25000 sj,Novi Sad,5790.0,Corn
2021,25000 sj,Novi Sad,5630.0,Corn
2021,25000 sj,Novi Sad,5280.0,Corn
2021,25000 sj,Novi Sad,4630.0,Corn
2021,25000 sj,Novi Sad,3850.0,Corn
2021,25000 sj,Novi Sad,5600.0,Corn
2021,25000 sj,Novi Sad,5550.0,Corn
2021,25000 sj,Pančevo,3950.0,Corn
2021,25000 sj,Pančevo,4250.0,Corn
2021,25000 sj,Pančevo,4400.0,Corn
2021,25000 sj,Pančevo,3250.0,Corn
2021,25000 sj,Pančevo,3450.0,Corn
2021,25000 sj,Pirot,4700.0,Corn
2021,25000 sj,Pirot,4100.0,Corn
2021,25000 sj,Pirot,3700.0,Corn
2021,25000 sj,Pirot,3900.0,Corn
2021,25000 sj,Požarevac,4350.0,Corn
2021,25000 sj,Požarevac,4150.0,Corn
2021,25000 sj,Požarevac,3400.0,Corn
2021,25000 sj,Požarevac,3450.0,Corn
2021,25000 sj,Požarevac,3800.0,Corn
2021,25000 sj,Požarevac,4400.0,Corn
2021,25000 sj,Smederevo,3990.0,Corn
2021,25000 sj,Smederevo,4620.0,Corn
2021,25000 sj,Smederevo,4350.0,Corn
2021,25000 sj,Smederevo,5700.0,Corn
2021,25000 sj,Smederevo,3850.0,Corn
2021,25000 sj,Smederevo,5500.0,Corn
2021,25000 sj,Sombor,4620.0,Corn
2021,25000 sj,Sombor,4070.0,Corn
2021,25000 sj,Sombor,3410.0,Corn
2021,25000 sj,Sombor,6919.0,Corn
2021,25000 sj,Sombor,6820.0,Corn
2021,25000 sj,Sombor,6094.0,Corn
2021,25000 sj,Sombor,5555.0,Corn
2021,25000 sj,Sombor,4900.0,Corn
2021,25000 sj,Sombor,4150.0,Corn
2021,25000 sj,Sombor,6242.0,Corn
2021,25000 sj,Sombor,4695.0,Corn
2021,25000 sj,Sombor,3630.0,Corn
2021,25000 sj,Subotica,3780.0,Corn
2021,25000 sj,Subotica,3780.0,Corn
2021,25000 sj,Subotica,4280.0,Corn
2021,25000 sj,Subotica,3600.0,Corn
2021,25000 sj,Subotica,3850.0,Corn
2021,25000 sj,Subotica,4100.0,Corn
2021,25000 sj,Subotica,4100.0,Corn
2021,25000 sj,Vranje,4620.0,Corn
2021,25000 sj,Vranje,4070.0,Corn
2021,25000 sj,Vranje,3410.0,Corn
2021,25000 sj,Vranje,4150.0,Corn
2021,25000 sj,Vranje,3850.0,Corn
2021,25000 sj,Vranje,4800.0,Corn
2021,25000 sj,Zaječar,4620.0,Corn
2021,25000 sj,Zaječar,3410.0,Corn
2021,25000 sj,Zaječar,3410.0,Corn
2021,25000 sj,Zaječar,3850.0,Corn
2021,25000 sj,Zaječar,3850.0,Corn
2021,25000 sj,Zrenjanin,3850.0,Corn
2021,25000 sj,Zrenjanin,4610.0,Corn
2021,25000 sj,Zrenjanin,4070.0,Corn
2021,25000 sj,Zrenjanin,3410.0,Corn
2021,25000 sj,Zrenjanin,3850.0,Corn
2021,25000 sj,Zrenjanin,4290.0,Corn
2021,25000 sj,Zrenjanin,4400.0,Corn
2021,25000 sj,Čačak,4650.0,Corn
2021,25000 sj,Čačak,4050.0,Corn
2021,25000 sj,Čačak,3800.0,Corn
2021,25000 sj,Čačak,4200.0,Corn
2021,25000sj,Beograd,4250.0,Corn
2021,25000sj,Beograd,4490.0,Corn
2021,25000sj,Kikinda,4500.0,Corn
2021,25000sj,Kragujevac,4300.0,Corn
2021,25000sj,Kragujevac,4800.0,Corn
2021,25000sj,Kraljevo,3950.0,Corn
2021,25000sj,Niš,5150.0,Corn
2021,25000sj,Niš,4800.0,Corn
2021,25000sj,Novi Sad,4100.0,Corn
2021,25000sj,Novi Sad,5050.0,Corn
2021,25000sj,Subotica,4600.0,Corn
2021,25000sj,Vranje,4800.0,Corn
2021,25000sj,Čačak,3950.0,Corn
2021,30000sj,Beograd,4200.0,Corn
2021,30000sj,Kikinda,3400.0,Corn
2021,30000sj,Kikinda,3400.0,Corn
2021,30000sj,Kikinda,4300.0,Corn
2021,30000sj,Kragujevac,3800.0,Corn
2021,30000sj,Kragujevac,3900.0,Corn
2021,30000sj,Kragujevac,4100.0,Corn
2021,30000sj,Kraljevo,4000.0,Corn
2021,30000sj,Niš,4990.0,Corn
2021,30000sj,Niš,3200.0,Corn
2021,30000sj,Niš,4200.0,Corn
2021,30000sj,Novi Sad,2160.0,Corn
2021,30000sj,Pirot,5100.0,Corn
2021,30000sj,Sombor,4055.0,Corn
2021,30000sj,Sombor,2800.0,Corn
2021,30000sj,Sombor,3900.0,Corn
2021,30000sj,Subotica,3700.0,Corn
2021,30000sj,Vranje,4400.0,Corn
2021,30000sj,Zrenjanin,3842.0,Corn
2021,30000sj,Čačak,4100.0,Corn
2021,25 kg,Beograd,1300.0,Wheat
2021,25 kg,Beograd,1700.0,Wheat
2021,25 kg,Beograd,1700.0,Wheat
2021,25 kg,Beograd,1450.0,Wheat
2021,25 kg,Beograd,1620.0,Wheat
2021,25 kg,Kikinda,1450.0,Wheat
2021,25 kg,Kikinda,1525.0,Wheat
2021,25 kg,Kikinda,1500.0,Wheat
2021,25 kg,Kragujevac,1400.0,Wheat
2021,25 kg,Kragujevac,1825.0,Wheat
2021,25 kg,Kragujevac,1850.0,Wheat
2021,25 kg,Kragujevac,1725.0,Wheat
2021,25 kg,Kragujevac,1800.0,Wheat
2021,25 kg,Kraljevo,1225.0,Wheat
2021,25 kg,Kraljevo,1525.0,Wheat
2021,25 kg,Kraljevo,1550.0,Wheat
2021,25 kg,Kraljevo,1425.0,Wheat
2021,25 kg,Loznica,1245.0,Wheat
2021,25 kg,Loznica,1425.0,Wheat
2021,25 kg,Loznica,1450.0,Wheat
2021,25 kg,Niš,1275.0,Wheat
2021,25 kg,Niš,1575.0,Wheat
2021,25 kg,Niš,1575.0,Wheat
2021,25 kg,Niš,1575.0,Wheat
2021,25 kg,Niš,1575.0,Wheat
2021,25 kg,Novi Sad,1250.0,Wheat
2021,25 kg,Novi Sad,1650.0,Wheat
2021,25 kg,Pančevo,1275.0,Wheat
2021,25 kg,Pančevo,1500.0,Wheat
2021,25 kg,Pančevo,1550.0,Wheat
2021,25 kg,Pančevo,1500.0,Wheat
2021,25 kg,Pančevo,1550.0,Wheat
2021,25 kg,Pirot,1325.0,Wheat
2021,25 kg,Pirot,1675.0,Wheat
2021,25 kg,Pirot,1625.0,Wheat
2021,25 kg,Pirot,1625.0,Wheat
2021,25 kg,Požarevac,1250.0,Wheat
2021,25 kg,Požarevac,1525.0,Wheat
2021,25 kg,Požarevac,1575.0,Wheat
2021,25 kg,Požarevac,1625.0,Wheat
2021,25 kg,Smederevo,1450.0,Wheat
2021,25 kg,Smederevo,1400.0,Wheat
2021,25 kg,Smederevo,1425.0,Wheat
2021,25 kg,Smederevo,1400.0,Wheat
2021,25 kg,Sombor,1338.0,Wheat
2021,25 kg,Sombor,1687.0,Wheat
2021,25 kg,Sombor,1637.0,Wheat
2021,25 kg,Sombor,1525.0,Wheat
2021,25 kg,Sremska Mitrovica,1250.0,Wheat
2021,25 kg,Sremska Mitrovica,1500.0,Wheat
2021,25 kg,Sremska Mitrovica,1600.0,Wheat
2021,25 kg,Sremska Mitrovica,1600.0,Wheat
2021,25 kg,Subotica,1500.0,Wheat
2021,25 kg,Subotica,1500.0,Wheat
2021,25 kg,Subotica,1500.0,Wheat
2021,25 kg,Vranje,1575.0,Wheat
2021,25 kg,Vranje,1575.0,Wheat
2021,25 kg,Zaječar,1250.0,Wheat
2021,25 kg,Zaječar,1500.0,Wheat
2021,25 kg,Zaječar,1500.0,Wheat
2021,25 kg,Zrenjanin,1300.0,Wheat
2021,25 kg,Zrenjanin,1325.0,Wheat
2021,25 kg,Zrenjanin,1600.0,Wheat
2021,25 kg,Zrenjanin,1525.0,Wheat
2021,25 kg,Čačak,1250.0,Wheat
2021,25 kg,Čačak,1625.0,Wheat
2021,30 kg,Beograd,1740.0,Wheat
2021,30 kg,Kragujevac,2040.0,Wheat
2021,30 kg,Požarevac,1770.0,Wheat
2021,50 kg,Beograd,2580.0,Wheat
2021,50 kg,Beograd,3400.0,Wheat
2021,50 kg,Beograd,3400.0,Wheat
2021,50 kg,Kikinda,2800.0,Wheat
2021,50 kg,Kikinda,3000.0,Wheat
2021,50 kg,Kragujevac,2650.0,Wheat
2021,50 kg,Kragujevac,2400.0,Wheat
2021,50 kg,Kragujevac,3550.0,Wheat
2021,50 kg,Kragujevac,3600.0,Wheat
2021,50 kg,Kraljevo,2400.0,Wheat
2021,50 kg,Kraljevo,2350.0,Wheat
2021,50 kg,Niš,2550.0,Wheat
2021,50 kg,Pirot,2650.0,Wheat
2021,50 kg,Smederevo,2650.0,Wheat
2021,50 kg,Smederevo,2600.0,Wheat
2021,50 kg,Sombor,2675.0,Wheat
2021,50 kg,Subotica,3000.0,Wheat
2021,50 kg,Vranje,2550.0,Wheat
2021,50 kg,Zrenjanin,2400.0,Wheat
2021,50 kg,Čačak,2500.0,Wheat
2021,50 kg,Čačak,3250.0,Wheat
2022,25 kg,Beograd,2200.0,Barley
2022,25 kg,Kikinda,2050.0,Barley
2022,25 kg,Kraljevo,2000.0,Barley
2022,25 kg,Niš,2000.0,Barley
2022,25 kg,Novi Sad,2062.5,Barley
2022,25 kg,Pančevo,2450.0,Barley
2022,25 kg,Pirot,2125.0,Barley
2022,25 kg,Požarevac,2200.0,Barley
2022,25 kg,Sremska Mitrovica,2450.0,Barley
2022,25 kg,Subotica,2075.0,Barley
2022,25 kg,Zaječar,2125.0,Barley
2022,25 kg,Čačak,2200.0,Barley
2022,25kg,Beograd,2250.0,Barley
2022,25kg,Kikinda,2125.0,Barley
2022,25kg,Kikinda,2125.0,Barley
2022,25kg,Kraljevo,2000.0,Barley
2022,25kg,Loznica,2125.0,Barley
2022,25kg,Niš,2025.0,Barley
2022,25kg,Novi Sad,2062.0,Barley
2022,25kg,Novi Sad,2125.0,Barley
2022,25kg,Pančevo,2300.0,Barley
2022,25kg,Pančevo,2450.0,Barley
2022,25kg,Požarevac,2075.0,Barley
2022,25kg,Požarevac,2125.0,Barley
2022,25kg,Smederevo,2000.0,Barley
2022,25kg,Sombor,2225.0,Barley
2022,25kg,Sombor,2275.0,Barley
2022,25kg,Sremska Mitrovica,2000.0,Barley
2022,25kg,Sremska Mitrovica,2250.0,Barley
2022,25kg,Subotica,2075.0,Barley
2022,25kg,Vranje,2375.0,Barley
2022,25kg,Zrenjanin,2275.0,Barley
2022,25kg,Čačak,2400.0,Barley
2022,45kg,Smederevo,3645.0,Barley
2022,45kg,Sremska Mitrovica,3600.0,Barley
2022,45kg,Čačak,4300.0,Barley
2022,50 kg,Beograd,4250.0,Barley
2022,50 kg,Beograd,4000.0,Barley
2022,50 kg,Niš,4050.0,Barley
2022,50 kg,Novi Sad,4125.0,Barley
2022,50 kg,Smederevo,4050.0,Barley
2022,50 kg,Sremska Mitrovica,4100.0,Barley
2022,50 kg,Subotica,4000.0,Barley
2022,50 kg,Čačak,4500.0,Barley
2022,50 kg,Čačak,4400.0,Barley
2022,50kg,Niš,4750.0,Barley
2022,50kg,Požarevac,4600.0,Barley
2022,50kg,Smederevo,4250.0,Barley
2022,50kg,Sremska Mitrovica,5000.0,Barley
2022,25000 sj,Beograd,5450.0,Corn
2022,25000 sj,Beograd,4830.0,Corn
2022,25000 sj,Beograd,4150.0,Corn
2022,25000 sj,Beograd,3700.0,Corn
2022,25000 sj,Beograd,7890.0,Corn
2022,25000 sj,Beograd,6690.0,Corn
2022,25000 sj,Beograd,5900.0,Corn
2022,25000 sj,Beograd,5315.0,Corn
2022,25000 sj,Beograd,5400.0,Corn
2022,25000 sj,Beograd,4450.0,Corn
2022,25000 sj,Beograd,6200.0,Corn
2022,25000 sj,Beograd,3830.0,Corn
2022,25000 sj,Kikinda,4885.0,Corn
2022,25000 sj,Kikinda,4320.0,Corn
2022,25000 sj,Kikinda,3690.0,Corn
2022,25000 sj,Kikinda,3690.0,Corn
2022,25000 sj,Kikinda,7030.0,Corn
2022,25000 sj,Kikinda,6800.0,Corn
2022,25000 sj,Kikinda,6200.0,Corn
2022,25000 sj,Kikinda,4850.0,Corn
2022,25000 sj,Kikinda,4320.0,Corn
2022,25000 sj,Kikinda,5120.0,Corn
2022,25000 sj,Kikinda,4820.0,Corn
2022,25000 sj,Kikinda,4860.0,Corn
2022,25000 sj,Kragujevac,4690.0,Corn
2022,25000 sj,Kragujevac,4500.0,Corn
2022,25000 sj,Kragujevac,5635.0,Corn
2022,25000 sj,Kragujevac,3720.0,Corn
2022,25000 sj,Kragujevac,7180.0,Corn
2022,25000 sj,Kragujevac,4550.0,Corn
2022,25000 sj,Kragujevac,4395.0,Corn
2022,25000 sj,Kragujevac,4890.0,Corn
2022,25000 sj,Kraljevo,5170.0,Corn
2022,25000 sj,Kraljevo,4565.0,Corn
2022,25000 sj,Kraljevo,3905.0,Corn
2022,25000 sj,Loznica,8250.0,Corn
2022,25000 sj,Loznica,5170.0,Corn
2022,25000 sj,Loznica,4565.0,Corn
2022,25000 sj,Loznica,4000.0,Corn
2022,25000 sj,Loznica,6750.0,Corn
2022,25000 sj,Loznica,6550.0,Corn
2022,25000 sj,Loznica,6050.0,Corn
2022,25000 sj,Loznica,5500.0,Corn
2022,25000 sj,Loznica,5400.0,Corn
2022,25000 sj,Loznica,4600.0,Corn
2022,25000 sj,Loznica,5050.0,Corn
2022,25000 sj,Loznica,3800.0,Corn
2022,25000 sj,Niš,5170.0,Corn
2022,25000 sj,Niš,4250.0,Corn
2022,25000 sj,Niš,3900.0,Corn
2022,25000 sj,Niš,5400.0,Corn
2022,25000 sj,Niš,4350.0,Corn
2022,25000 sj,Niš,6900.0,Corn
2022,25000 sj,Niš,5600.0,Corn
2022,25000 sj,Novi Sad,4900.0,Corn
2022,25000 sj,Novi Sad,4900.0,Corn
2022,25000 sj,Novi Sad,4400.0,Corn
2022,25000 sj,Novi Sad,3900.0,Corn
2022,25000 sj,Novi Sad,6700.0,Corn
2022,25000 sj,Novi Sad,6500.0,Corn
2022,25000 sj,Novi Sad,6200.0,Corn
2022,25000 sj,Novi Sad,5700.0,Corn
2022,25000 sj,Novi Sad,5300.0,Corn
2022,25000 sj,Novi Sad,4800.0,Corn
2022,25000 sj,Novi Sad,6200.0,Corn
2022,25000 sj,Novi Sad,5498.0,Corn
2022,25000 sj,Novi Sad,3900.0,Corn
2022,25000 sj,Novi Sad,4980.0,Corn
2022,25000 sj,Novi Sad,4200.0,Corn
2022,25000 sj,Pančevo,3550.0,Corn
2022,25000 sj,Pančevo,4150.0,Corn
2022,25000 sj,Pančevo,4700.0,Corn
2022,25000 sj,Pančevo,5400.0,Corn
2022,25000 sj,Pančevo,4600.0,Corn
2022,25000 sj,Pirot,4000.0,Corn
2022,25000 sj,Pirot,4600.0,Corn
2022,25000 sj,Pirot,5200.0,Corn
2022,25000 sj,Pirot,6500.0,Corn
2022,25000 sj,Pirot,7500.0,Corn
2022,25000 sj,Požarevac,4800.0,Corn
2022,25000 sj,Požarevac,4550.0,Corn
2022,25000 sj,Požarevac,3950.0,Corn
2022,25000 sj,Požarevac,6800.0,Corn
2022,25000 sj,Požarevac,5880.0,Corn
2022,25000 sj,Požarevac,3700.0,Corn
2022,25000 sj,Požarevac,4850.0,Corn
2022,25000 sj,Požarevac,4890.0,Corn
2022,25000 sj,Požarevac,4720.0,Corn
2022,25000 sj,Požarevac,4750.0,Corn
2022,25000 sj,Smederevo,4950.0,Corn
2022,25000 sj,Smederevo,4600.0,Corn
2022,25000 sj,Smederevo,4900.0,Corn
2022,25000 sj,Smederevo,6450.0,Corn
2022,25000 sj,Smederevo,4350.0,Corn
2022,25000 sj,Sombor,5110.0,Corn
2022,25000 sj,Sombor,4510.0,Corn
2022,25000 sj,Sombor,3860.0,Corn
2022,25000 sj,Sombor,7405.0,Corn
2022,25000 sj,Sombor,7161.0,Corn
2022,25000 sj,Sombor,6523.0,Corn
2022,25000 sj,Sombor,5863.0,Corn
2022,25000 sj,Sombor,5400.0,Corn
2022,25000 sj,Sombor,4600.0,Corn
2022,25000 sj,Sombor,5150.0,Corn
2022,25000 sj,Sombor,3780.0,Corn
2022,25000 sj,Subotica,4800.0,Corn
2022,25000 sj,Subotica,4250.0,Corn
2022,25000 sj,Subotica,3700.0,Corn
2022,25000 sj,Subotica,4600.0,Corn
2022,25000 sj,Subotica,4350.0,Corn
2022,25000 sj,Subotica,4890.0,Corn
2022,25000 sj,Subotica,3880.0,Corn
2022,25000 sj,Vranje,5170.0,Corn
2022,25000 sj,Vranje,4550.0,Corn
2022,25000 sj,Vranje,3900.0,Corn
2022,25000 sj,Vranje,4600.0,Corn
2022,25000 sj,Vranje,4350.0,Corn
2022,25000 sj,Zaječar,4990.0,Corn
2022,25000 sj,Zaječar,4390.0,Corn
2022,25000 sj,Zaječar,3790.0,Corn
2022,25000 sj,Zaječar,4400.0,Corn
2022,25000 sj,Zaječar,4400.0,Corn
2022,25000 sj,Zrenjanin,4885.0,Corn
2022,25000 sj,Zrenjanin,4320.0,Corn
2022,25000 sj,Zrenjanin,4625.0,Corn
2022,25000 sj,Zrenjanin,3956.0,Corn
2022,25000 sj,Zrenjanin,7030.0,Corn
2022,25000 sj,Zrenjanin,6000.0,Corn
2022,25000 sj,Zrenjanin,6200.0,Corn
2022,25000 sj,Zrenjanin,4475.0,Corn
2022,25000 sj,Čačak,5170.0,Corn
2022,25000 sj,Čačak,4565.0,Corn
2022,25000 sj,Čačak,3905.0,Corn
2022,25000sj,Beograd,6200.0,Corn
2022,25000sj,Kikinda,5150.0,Corn
2022,25000sj,Kragujevac,4800.0,Corn
2022,25000sj,Kraljevo,4750.0,Corn
2022,25000sj,Loznica,4700.0,Corn
2022,25000sj,Novi Sad,6000.0,Corn
2022,25000sj,Novi Sad,6600.0,Corn
2022,25000sj,Požarevac,4800.0,Corn
2022,25000sj,Požarevac,4800.0,Corn
2022,25000sj,Smederevo,4500.0,Corn
2022,25000sj,Subotica,4800.0,Corn
2022,25000sj,Zaječar,4450.0,Corn
2022,25000sj,Čačak,4750.0,Corn
2022,30000sj,Beograd,4200.0,Corn
2022,30000sj,Kikinda,4000.0,Corn
2022,30000sj,Kikinda,4000.0,Corn
2022,30000sj,Kikinda,4395.0,Corn
2022,30000sj,Kraljevo,4300.0,Corn
2022,30000sj,Loznica,3800.0,Corn
2022,30000sj,Niš,4500.0,Corn
2022,30000sj,Niš,5100.0,Corn
2022,30000sj,Pančevo,4500.0,Corn
2022,30000sj,Pančevo,4700.0,Corn
2022,30000sj,Pančevo,5000.0,Corn
2022,30000sj,Pirot,6000.0,Corn
2022,30000sj,Pirot,5500.0,Corn
2022,30000sj,Požarevac,4250.0,Corn
2022,30000sj,Požarevac,4250.0,Corn
2022,30000sj,Požarevac,4250.0,Corn
2022,30000sj,Subotica,4330.0,Corn
2022,30000sj,Čačak,4300.0,Corn
2022,25 kg,Beograd,2100.0,Wheat
2022,25 kg,Beograd,2620.0,Wheat
2022,25 kg,Beograd,2700.0,Wheat
2022,25 kg,Kikinda,1950.0,Wheat
2022,25 kg,Kikinda,2350.0,Wheat
2022,25 kg,Kikinda,2325.0,Wheat
2022,25 kg,Kraljevo,2000.0,Wheat
2022,25 kg,Kraljevo,2450.0,Wheat
2022,25 kg,Kraljevo,2450.0,Wheat
2022,25 kg,Loznica,1875.0,Wheat
2022,25 kg,Loznica,2300.0,Wheat
2022,25 kg,Loznica,2300.0,Wheat
2022,25 kg,Niš,2000.0,Wheat
2022,25 kg,Niš,2475.0,Wheat
2022,25 kg,Niš,2475.0,Wheat
2022,25 kg,Niš,2375.0,Wheat
2022,25 kg,Niš,2375.0,Wheat
2022,25 kg,Novi Sad,2075.0,Wheat
2022,25 kg,Novi Sad,2375.0,Wheat
2022,25 kg,Novi Sad,2375.0,Wheat
2022,25 kg,Pančevo,2075.0,Wheat
2022,25 kg,Pančevo,2450.0,Wheat
2022,25 kg,Pančevo,2450.0,Wheat
2022,25 kg,Pančevo,2450.0,Wheat
2022,25 kg,Pirot,1975.0,Wheat
2022,25 kg,Pirot,2500.0,Wheat
2022,25 kg,Pirot,2500.0,Wheat
2022,25 kg,Pirot,2500.0,Wheat
2022,25 kg,Požarevac,2325.0,Wheat
2022,25 kg,Požarevac,2450.0,Wheat
2022,25 kg,Požarevac,2375.0,Wheat
2022,25 kg,Požarevac,2375.0,Wheat
2022,25 kg,Smederevo,2025.0,Wheat
2022,25 kg,Smederevo,2375.0,Wheat
2022,25 kg,Smederevo,2375.0,Wheat
2022,25 kg,Sombor,2050.0,Wheat
2022,25 kg,Sombor,2525.0,Wheat
2022,25 kg,Sombor,2450.0,Wheat
2022,25 kg,Sombor,2500.0,Wheat
2022,25 kg,Sremska Mitrovica,2125.0,Wheat
2022,25 kg,Sremska Mitrovica,2400.0,Wheat
2022,25 kg,Sremska Mitrovica,2375.0,Wheat
2022,25 kg,Sremska Mitrovica,2275.0,Wheat
2022,25 kg,Sremska Mitrovica,2500.0,Wheat
2022,25 kg,Subotica,2350.0,Wheat
2022,25 kg,Subotica,2325.0,Wheat
2022,25 kg,Subotica,2200.0,Wheat
2022,25 kg,Subotica,2350.0,Wheat
2022,25 kg,Vranje,2000.0,Wheat
2022,25 kg,Vranje,2475.0,Wheat
2022,25 kg,Vranje,2475.0,Wheat
2022,25 kg,Zaječar,2000.0,Wheat
2022,25 kg,Zaječar,2475.0,Wheat
2022,25 kg,Zrenjanin,2100.0,Wheat
2022,25 kg,Zrenjanin,2313.0,Wheat
2022,25 kg,Zrenjanin,2475.0,Wheat
2022,25 kg,Čačak,2000.0,Wheat
2022,25 kg,Čačak,2500.0,Wheat
2022,25 kg,Čačak,2600.0,Wheat
2022,30 kg,Beograd,2880.0,Wheat
2022,30 kg,Sremska Mitrovica,2760.0,Wheat
2022,30 kg,Čačak,2500.0,Wheat
2022,50 kg,Beograd,4200.0,Wheat
2022,50 kg,Beograd,5100.0,Wheat
2022,50 kg,Beograd,5400.0,Wheat
2022,50 kg,Kraljevo,3900.0,Wheat
2022,50 kg,Pančevo,4100.0,Wheat
2022,50 kg,Pančevo,4900.0,Wheat
2022,50 kg,Pirot,3950.0,Wheat
2022,50 kg,Požarevac,3850.0,Wheat
2022,50 kg,Smederevo,4050.0,Wheat
2022,50 kg,Smederevo,4650.0,Wheat
2022,50 kg,Sremska Mitrovica,4250.0,Wheat
2022,50 kg,Sremska Mitrovica,4800.0,Wheat
2022,50 kg,Sremska Mitrovica,4750.0,Wheat
2022,50 kg,Zaječar,4000.0,Wheat
2022,50 kg,Čačak,4000.0,Wheat
2022,50 kg,Čačak,5000.0,Wheat
2023,25 kg,Kikinda,1500.0,Barley
2023,25 kg,Kragujevac,1550.0,Barley
2023,25 kg,Loznica,1625.0,Barley
2023,25 kg,Niš,1475.0,Barley
2023,25 kg,Pančevo,1570.0,Barley
2023,25 kg,Pirot,1650.0,Barley
2023,25 kg,Požarevac,1325.0,Barley
2023,25 kg,Smederevo,2275.0,Barley
2023,25 kg,Zrenjanin,1700.0,Barley
2023,25kg,Beograd,1450.0,Barley
2023,25kg,Beograd,1650.0,Barley
2023,25kg,Kikinda,1575.0,Barley
2023,25kg,Kragujevac,1300.0,Barley
2023,25kg,Kragujevac,1875.0,Barley
2023,25kg,Kraljevo,1450.0,Barley
2023,25kg,Loznica,1500.0,Barley
2023,25kg,Niš,1525.0,Barley
2023,25kg,Pančevo,1800.0,Barley
2023,25kg,Pančevo,1750.0,Barley
2023,25kg,Pirot,1470.0,Barley
2023,25kg,Požarevac,1575.0,Barley
2023,25kg,Požarevac,1625.0,Barley
2023,25kg,Smederevo,1825.0,Barley
2023,25kg,Sombor,1375.0,Barley
2023,25kg,Sombor,1575.0,Barley
2023,25kg,Subotica,1650.0,Barley
2023,25kg,Zaječar,1750.0,Barley
2023,25kg,Zrenjanin,1450.0,Barley
2023,25kg,Zrenjanin,1725.0,Barley
2023,25kg,Čačak,1700.0,Barley
2023,45kg,Kragujevac,2225.0,Barley
2023,45kg,Pančevo,3240.0,Barley
2023,45kg,Čačak,3000.0,Barley
2023,50 kg,Kragujevac,3125.0,Barley
2023,50 kg,Kragujevac,3025.0,Barley
2023,50 kg,Pančevo,3600.0,Barley
2023,50 kg,Pančevo,3250.0,Barley
2023,50 kg,Čačak,1750.0,Barley
2023,50kg,Kragujevac,3025.0,Barley
2023,50kg,Niš,3600.0,Barley
2023,50kg,Pančevo,3250.0,Barley
2023,25000 sj,Beograd,6160.0,Corn
2023,25000 sj,Beograd,5520.0,Corn
2023,25000 sj,Beograd,4820.0,Corn
2023,25000 sj,Beograd,8100.0,Corn
2023,25000 sj,Beograd,6800.0,Corn
2023,25000 sj,Beograd,5750.0,Corn
2023,25000 sj,Beograd,6550.0,Corn
2023,25000 sj,Beograd,5260.0,Corn
2023,25000 sj,Beograd,7630.0,Corn
2023,25000 sj,Beograd,6048.0,Corn
2023,25000 sj,Beograd,6548.0,Corn
2023,25000 sj,Beograd,5440.0,Corn
2023,25000 sj,Beograd,8260.0,Corn
2023,25000 sj,Beograd,7410.0,Corn
2023,25000 sj,Beograd,7290.0,Corn
2023,25000 sj,Beograd,6990.0,Corn
2023,25000 sj,Kikinda,5000.0,Corn
2023,25000 sj,Kikinda,8000.0,Corn
2023,25000 sj,Kikinda,7500.0,Corn
2023,25000 sj,Kikinda,8000.0,Corn
2023,25000 sj,Kikinda,6000.0,Corn
2023,25000 sj,Kraljevo,6000.0,Corn
2023,25000 sj,Kraljevo,5300.0,Corn
2023,25000 sj,Kraljevo,4900.0,Corn
2023,25000 sj,Kraljevo,6760.0,Corn
2023,25000 sj,Kraljevo,6760.0,Corn
2023,25000 sj,Kraljevo,6760.0,Corn
2023,25000 sj,Kraljevo,8000.0,Corn
2023,25000 sj,Loznica,5990.0,Corn
2023,25000 sj,Loznica,5650.0,Corn
2023,25000 sj,Loznica,5400.0,Corn
2023,25000 sj,Loznica,7500.0,Corn
2023,25000 sj,Loznica,5700.0,Corn
2023,25000 sj,Niš,6500.0,Corn
2023,25000 sj,Niš,5500.0,Corn
2023,25000 sj,Niš,5000.0,Corn
2023,25000 sj,Niš,6300.0,Corn
2023,25000 sj,Niš,6300.0,Corn
2023,25000 sj,Niš,6000.0,Corn
2023,25000 sj,Pančevo,6160.0,Corn
2023,25000 sj,Pančevo,5050.0,Corn
2023,25000 sj,Pančevo,6400.0,Corn
2023,25000 sj,Pančevo,6100.0,Corn
2023,25000 sj,Pančevo,7740.0,Corn
2023,25000 sj,Pančevo,5930.0,Corn
2023,25000 sj,Pančevo,6680.0,Corn
2023,25000 sj,Pančevo,6250.0,Corn
2023,25000 sj,Pančevo,5200.0,Corn
2023,25000 sj,Pančevo,7630.0,Corn
2023,25000 sj,Pančevo,6540.0,Corn
2023,25000 sj,Pančevo,7700.0,Corn
2023,25000 sj,Pančevo,6980.0,Corn
2023,25000 sj,Pančevo,8000.0,Corn
2023,25000 sj,Pirot,6160.0,Corn
2023,25000 sj,Pirot,5450.0,Corn
2023,25000 sj,Pirot,5800.0,Corn
2023,25000 sj,Pirot,9200.0,Corn
2023,25000 sj,Pirot,7000.0,Corn
2023,25000 sj,Pirot,6100.0,Corn
2023,25000 sj,Pirot,7000.0,Corn
2023,25000 sj,Pirot,7680.0,Corn
2023,25000 sj,Požarevac,5800.0,Corn
2023,25000 sj,Požarevac,5250.0,Corn
2023,25000 sj,Požarevac,4600.0,Corn
2023,25000 sj,Požarevac,7700.0,Corn
2023,25000 sj,Požarevac,7300.0,Corn
2023,25000 sj,Požarevac,6950.0,Corn
2023,25000 sj,Požarevac,6400.0,Corn
2023,25000 sj,Požarevac,5350.0,Corn
2023,25000 sj,Požarevac,7350.0,Corn
2023,25000 sj,Požarevac,6700.0,Corn
2023,25000 sj,Požarevac,7000.0,Corn
2023,25000 sj,Smederevo,5860.0,Corn
2023,25000 sj,Smederevo,5220.0,Corn
2023,25000 sj,Smederevo,4680.0,Corn
2023,25000 sj,Smederevo,9750.0,Corn
2023,25000 sj,Smederevo,7630.0,Corn
2023,25000 sj,Smederevo,5750.0,Corn
2023,25000 sj,Smederevo,7750.0,Corn
2023,25000 sj,Smederevo,6150.0,Corn
2023,25000 sj,Smederevo,8250.0,Corn
2023,25000 sj,Sombor,5995.0,Corn
2023,25000 sj,Sombor,5490.0,Corn
2023,25000 sj,Sombor,7890.0,Corn
2023,25000 sj,Sombor,7520.0,Corn
2023,25000 sj,Sombor,6890.0,Corn
2023,25000 sj,Sombor,6250.0,Corn
2023,25000 sj,Sombor,5260.0,Corn
2023,25000 sj,Sombor,7690.0,Corn
2023,25000 sj,Sombor,6490.0,Corn
2023,25000 sj,Sombor,8190.0,Corn
2023,25000 sj,Sombor,7490.0,Corn
2023,25000 sj,Sremska Mitrovica,5900.0,Corn
2023,25000 sj,Sremska Mitrovica,5900.0,Corn
2023,25000 sj,Sremska Mitrovica,5900.0,Corn
2023,25000 sj,Sremska Mitrovica,5900.0,Corn
2023,25000 sj,Sremska Mitrovica,5900.0,Corn
2023,25000 sj,Sremska Mitrovica,6650.0,Corn
2023,25000 sj,Sremska Mitrovica,7300.0,Corn
2023,25000 sj,Sremska Mitrovica,7700.0,Corn
2023,25000 sj,Sremska Mitrovica,6550.0,Corn
2023,25000 sj,Sremska Mitrovica,7200.0,Corn
2023,25000 sj,Sremska Mitrovica,7600.0,Corn
2023,25000 sj,Sremska Mitrovica,6500.0,Corn
2023,25000 sj,Sremska Mitrovica,6500.0,Corn
2023,25000 sj,Sremska Mitrovica,6500.0,Corn
2023,25000 sj,Sremska Mitrovica,7200.0,Corn
2023,25000 sj,Vranje,6000.0,Corn
2023,25000 sj,Vranje,5400.0,Corn
2023,25000 sj,Vranje,4600.0,Corn
2023,25000 sj,Vranje,5250.0,Corn
2023,25000 sj,Zaječar,6000.0,Corn
2023,25000 sj,Zaječar,5800.0,Corn
2023,25000 sj,Zaječar,5400.0,Corn
2023,25000 sj,Zaječar,4600.0,Corn
2023,25000 sj,Zaječar,5200.0,Corn
2023,25000 sj,Zaječar,7330.0,Corn
2023,25000 sj,Zaječar,6670.0,Corn
2023,25000 sj,Zaječar,7200.0,Corn
2023,25000 sj,Zaječar,7400.0,Corn
2023,25000 sj,Zrenjanin,6270.0,Corn
2023,25000 sj,Zrenjanin,5970.0,Corn
2023,25000 sj,Zrenjanin,5285.0,Corn
2023,25000 sj,Zrenjanin,4630.0,Corn
2023,25000 sj,Zrenjanin,7495.0,Corn
2023,25000 sj,Zrenjanin,7120.0,Corn
2023,25000 sj,Zrenjanin,6470.0,Corn
2023,25000 sj,Zrenjanin,6530.0,Corn
2023,25000 sj,Zrenjanin,5230.0,Corn
2023,25000 sj,Zrenjanin,7365.0,Corn
2023,25000 sj,Zrenjanin,7365.0,Corn
2023,25000 sj,Zrenjanin,7365.0,Corn
2023,25000sj,Beograd,6360.0,Corn
2023,25000sj,Kraljevo,8000.0,Corn
2023,25000sj,Niš,5900.0,Corn
2023,25000sj,Pirot,6600.0,Corn
2023,25000sj,Požarevac,6050.0,Corn
2023,25000sj,Sombor,6590.0,Corn
2023,25000sj,Sremska Mitrovica,7200.0,Corn
2023,25000sj,Sremska Mitrovica,7200.0,Corn
2023,25000sj,Zrenjanin,6270.0,Corn
2023,30000sj,Beograd,5400.0,Corn
2023,30000sj,Kikinda,4950.0,Corn
2023,30000sj,Kikinda,4950.0,Corn
2023,30000sj,Kikinda,4950.0,Corn
2023,30000sj,Kraljevo,5200.0,Corn
2023,30000sj,Niš,5850.0,Corn
2023,30000sj,Niš,6500.0,Corn
2023,30000sj,Pirot,6800.0,Corn
2023,30000sj,Požarevac,6200.0,Corn
2023,30000sj,Smederevo,6350.0,Corn
2023,30000sj,Smederevo,7050.0,Corn
2023,30000sj,Vranje,5670.0,Corn
2023,30000sj,Zrenjanin,5870.0,Corn
2023,25 kg,Beograd,1200.0,Wheat
2023,25 kg,Beograd,1500.0,Wheat
2023,25 kg,Beograd,1700.0,Wheat
2023,25 kg,Beograd,1550.0,Wheat
2023,25 kg,Beograd,1520.0,Wheat
2023,25 kg,Kikinda,1625.0,Wheat
2023,25 kg,Kikinda,1625.0,Wheat
2023,25 kg,Kraljevo,1350.0,Wheat
2023,25 kg,Kraljevo,1700.0,Wheat
2023,25 kg,Kraljevo,1750.0,Wheat
2023,25 kg,Kraljevo,1700.0,Wheat
2023,25 kg,Loznica,1250.0,Wheat
2023,25 kg,Loznica,1625.0,Wheat
2023,25 kg,Niš,1225.0,Wheat
2023,25 kg,Niš,1725.0,Wheat
2023,25 kg,Niš,1725.0,Wheat
2023,25 kg,Niš,1725.0,Wheat
2023,25 kg,Pančevo,1750.0,Wheat
2023,25 kg,Pančevo,1725.0,Wheat
2023,25 kg,Pančevo,1725.0,Wheat
2023,25 kg,Pančevo,1750.0,Wheat
2023,25 kg,Pančevo,1750.0,Wheat
2023,25 kg,Pirot,1350.0,Wheat
2023,25 kg,Pirot,1950.0,Wheat
2023,25 kg,Pirot,2000.0,Wheat
2023,25 kg,Pirot,1950.0,Wheat
2023,25 kg,Požarevac,1500.0,Wheat
2023,25 kg,Požarevac,1750.0,Wheat
2023,25 kg,Požarevac,1700.0,Wheat
2023,25 kg,Požarevac,1675.0,Wheat
2023,25 kg,Požarevac,1875.0,Wheat
2023,25 kg,Smederevo,1550.0,Wheat
2023,25 kg,Smederevo,1725.0,Wheat
2023,25 kg,Sombor,1375.0,Wheat
2023,25 kg,Sombor,1725.0,Wheat
2023,25 kg,Sombor,1750.0,Wheat
2023,25 kg,Subotica,1625.0,Wheat
2023,25 kg,Subotica,1500.0,Wheat
2023,25 kg,Zaječar,1400.0,Wheat
2023,25 kg,Zaječar,1750.0,Wheat
2023,25 kg,Zaječar,1200.0,Wheat
2023,25 kg,Zrenjanin,1450.0,Wheat
2023,25 kg,Zrenjanin,1725.0,Wheat
2023,25 kg,Čačak,1450.0,Wheat
2023,25 kg,Čačak,1800.0,Wheat
2023,25 kg,Čačak,1800.0,Wheat
2023,30 kg,Beograd,1740.0,Wheat
2023,30 kg,Pančevo,2100.0,Wheat
2023,30 kg,Čačak,3500.0,Wheat
2023,50 kg,Beograd,2400.0,Wheat
2023,50 kg,Beograd,3000.0,Wheat
2023,50 kg,Beograd,3400.0,Wheat
2023,50 kg,Pančevo,3450.0,Wheat
2023,50 kg,Pančevo,3500.0,Wheat
2023,50 kg,Pančevo,3450.0,Wheat
2023,50 kg,Pirot,2650.0,Wheat
2023,50 kg,Smederevo,3100.0,Wheat
2023,50 kg,Smederevo,3450.0,Wheat
2023,50 kg,Vranje,3550.0,Wheat
2023,50 kg,Čačak,2900.0,Wheat
2023,50 kg,Čačak,3400.0,Wheat
2024,25 kg,Beograd,1675.0,Barley
2024,25 kg,Kragujevac,1700.0,Barley
2024,25 kg,Kraljevo,1600.0,Barley
2024,25 kg,Niš,1625.0,Barley
2024,25 kg,Pančevo,1450.0,Barley
2024,25 kg,Pirot,1800.0,Barley
2024,25 kg,Požarevac,1575.0,Barley
2024,25 kg,Smederevo,1590.0,Barley
2024,25 kg,Sombor,1650.0,Barley
2024,25 kg,Zaječar,1590.0,Barley
2024,25 kg,Zrenjanin,1000.0,Barley
2024,25kg,Beograd,1650.0,Barley
2024,25kg,Beograd,1650.0,Barley
2024,25kg,Kikinda,1650.0,Barley
2024,25kg,Kragujevac,1550.0,Barley
2024,25kg,Kragujevac,2200.0,Barley
2024,25kg,Kraljevo,1550.0,Barley
2024,25kg,Kraljevo,1800.0,Barley
2024,25kg,Loznica,1500.0,Barley
2024,25kg,Niš,1425.0,Barley
2024,25kg,Niš,1800.0,Barley
2024,25kg,Pančevo,1450.0,Barley
2024,25kg,Pančevo,1450.0,Barley
2024,25kg,Pirot,1600.0,Barley
2024,25kg,Požarevac,1500.0,Barley
2024,25kg,Požarevac,1725.0,Barley
2024,25kg,Smederevo,1690.0,Barley
2024,25kg,Sombor,1650.0,Barley
2024,25kg,Sremska Mitrovica,1425.0,Barley
2024,25kg,Sremska Mitrovica,1975.0,Barley
2024,25kg,Subotica,1425.0,Barley
2024,25kg,Vranje,1750.0,Barley
2024,25kg,Zaječar,1690.0,Barley
2024,25kg,Zrenjanin,1425.0,Barley
2024,25kg,Zrenjanin,1575.0,Barley
2024,25kg,Čačak,1750.0,Barley
2024,45kg,Kragujevac,2500.0,Barley
2024,45kg,Sremska Mitrovica,2565.0,Barley
2024,45kg,Zrenjanin,2565.0,Barley
2024,45kg,Čačak,3300.0,Barley
2024,50 kg,Kikinda,2000.0,Barley
2024,50 kg,Kragujevac,3600.0,Barley
2024,50 kg,Kragujevac,3150.0,Barley
2024,50 kg,Požarevac,3000.0,Barley
2024,50 kg,Sremska Mitrovica,2850.0,Barley
2024,50 kg,Subotica,2850.0,Barley
2024,50 kg,Zrenjanin,2850.0,Barley
2024,50kg,Kragujevac,3200.0,Barley
2024,50kg,Sremska Mitrovica,5350.0,Barley
2024,25000 sj,Beograd,6700.0,Corn
2024,25000 sj,Beograd,6350.0,Corn
2024,25000 sj,Beograd,6200.0,Corn
2024,25000 sj,Beograd,5850.0,Corn
2024,25000 sj,Beograd,9450.0,Corn
2024,25000 sj,Beograd,8420.0,Corn
2024,25000 sj,Beograd,7450.0,Corn
2024,25000 sj,Beograd,6690.0,Corn
2024,25000 sj,Beograd,6900.0,Corn
2024,25000 sj,Beograd,5960.0,Corn
2024,25000 sj,Beograd,9540.0,Corn
2024,25000 sj,Beograd,9100.0,Corn
2024,25000 sj,Beograd,9250.0,Corn
2024,25000 sj,Beograd,5530.0,Corn
2024,25000 sj,Beograd,7500.0,Corn
2024,25000 sj,Beograd,7620.0,Corn
2024,25000 sj,Kraljevo,6300.0,Corn
2024,25000 sj,Kraljevo,5900.0,Corn
2024,25000 sj,Kraljevo,5200.0,Corn
2024,25000 sj,Kraljevo,6900.0,Corn
2024,25000 sj,Kraljevo,6200.0,Corn
2024,25000 sj,Kraljevo,7450.0,Corn
2024,25000 sj,Kraljevo,6950.0,Corn
2024,25000 sj,Kraljevo,6950.0,Corn
2024,25000 sj,Kraljevo,8470.0,Corn
2024,25000 sj,Loznica,5390.0,Corn
2024,25000 sj,Loznica,6000.0,Corn
2024,25000 sj,Loznica,6400.0,Corn
2024,25000 sj,Loznica,6500.0,Corn
2024,25000 sj,Loznica,7950.0,Corn
2024,25000 sj,Loznica,6500.0,Corn
2024,25000 sj,Loznica,6500.0,Corn
2024,25000 sj,Loznica,6300.0,Corn
2024,25000 sj,Loznica,6200.0,Corn
2024,25000 sj,Loznica,6900.0,Corn
2024,25000 sj,Loznica,7500.0,Corn
2024,25000 sj,Loznica,7000.0,Corn
2024,25000 sj,Loznica,7600.0,Corn
2024,25000 sj,Loznica,6800.0,Corn
2024,25000 sj,Loznica,16300.0,Corn
2024,25000 sj,Niš,6900.0,Corn
2024,25000 sj,Niš,6200.0,Corn
2024,25000 sj,Niš,5400.0,Corn
2024,25000 sj,Niš,11400.0,Corn
2024,25000 sj,Niš,9400.0,Corn
2024,25000 sj,Niš,10100.0,Corn
2024,25000 sj,Niš,7350.0,Corn
2024,25000 sj,Niš,6200.0,Corn
2024,25000 sj,Niš,8800.0,Corn
2024,25000 sj,Niš,8800.0,Corn
2024,25000 sj,Niš,9000.0,Corn
2024,25000 sj,Niš,6320.0,Corn
2024,25000 sj,Niš,7820.0,Corn
2024,25000 sj,Niš,7820.0,Corn
2024,25000 sj,Niš,6880.0,Corn
2024,25000 sj,Niš,6880.0,Corn
2024,25000 sj,Pančevo,6550.0,Corn
2024,25000 sj,Pančevo,5895.0,Corn
2024,25000 sj,Pančevo,8100.0,Corn
2024,25000 sj,Pančevo,7790.0,Corn
2024,25000 sj,Pančevo,7100.0,Corn
2024,25000 sj,Pančevo,6570.0,Corn
2024,25000 sj,Pančevo,6850.0,Corn
2024,25000 sj,Pančevo,6180.0,Corn
2024,25000 sj,Pančevo,7650.0,Corn
2024,25000 sj,Pančevo,7270.0,Corn
2024,25000 sj,Pančevo,7270.0,Corn
2024,25000 sj,Pančevo,7650.0,Corn
2024,25000 sj,Pančevo,6914.0,Corn
2024,25000 sj,Pančevo,6895.0,Corn
2024,25000 sj,Pirot,7240.0,Corn
2024,25000 sj,Pirot,6930.0,Corn
2024,25000 sj,Pirot,6270.0,Corn
2024,25000 sj,Pirot,9500.0,Corn
2024,25000 sj,Pirot,8500.0,Corn
2024,25000 sj,Pirot,7500.0,Corn
2024,25000 sj,Pirot,6900.0,Corn
2024,25000 sj,Pirot,6900.0,Corn
2024,25000 sj,Pirot,6200.0,Corn
2024,25000 sj,Pirot,8500.0,Corn
2024,25000 sj,Pirot,9050.0,Corn
2024,25000 sj,Pirot,8500.0,Corn
2024,25000 sj,Pirot,8800.0,Corn
2024,25000 sj,Pirot,16050.0,Corn
2024,25000 sj,Požarevac,6750.0,Corn
2024,25000 sj,Požarevac,6100.0,Corn
2024,25000 sj,Požarevac,5250.0,Corn
2024,25000 sj,Požarevac,6990.0,Corn
2024,25000 sj,Požarevac,6290.0,Corn
2024,25000 sj,Požarevac,7700.0,Corn
2024,25000 sj,Požarevac,7250.0,Corn
2024,25000 sj,Požarevac,7180.0,Corn
2024,25000 sj,Požarevac,7200.0,Corn
2024,25000 sj,Požarevac,7180.0,Corn
2024,25000 sj,Smederevo,6850.0,Corn
2024,25000 sj,Smederevo,6550.0,Corn
2024,25000 sj,Smederevo,6350.0,Corn
2024,25000 sj,Smederevo,5450.0,Corn
2024,25000 sj,Smederevo,9850.0,Corn
2024,25000 sj,Smederevo,7850.0,Corn
2024,25000 sj,Smederevo,7390.0,Corn
2024,25000 sj,Smederevo,7390.0,Corn
2024,25000 sj,Smederevo,14600.0,Corn
2024,25000 sj,Sombor,6550.0,Corn
2024,25000 sj,Sombor,5950.0,Corn
2024,25000 sj,Sombor,5100.0,Corn
2024,25000 sj,Sombor,8110.0,Corn
2024,25000 sj,Sombor,8660.0,Corn
2024,25000 sj,Sombor,8100.0,Corn
2024,25000 sj,Sombor,7365.0,Corn
2024,25000 sj,Sombor,6806.0,Corn
2024,25000 sj,Sombor,6200.0,Corn
2024,25000 sj,Sombor,7800.0,Corn
2024,25000 sj,Sombor,7300.0,Corn
2024,25000 sj,Sombor,7300.0,Corn
2024,25000 sj,Sombor,7900.0,Corn
2024,25000 sj,Sombor,7200.0,Corn
2024,25000 sj,Sombor,14300.0,Corn
2024,25000 sj,Sremska Mitrovica,5700.0,Corn
2024,25000 sj,Sremska Mitrovica,6300.0,Corn
2024,25000 sj,Sremska Mitrovica,9400.0,Corn
2024,25000 sj,Sremska Mitrovica,9700.0,Corn
2024,25000 sj,Sremska Mitrovica,10200.0,Corn
2024,25000 sj,Sremska Mitrovica,9200.0,Corn
2024,25000 sj,Sremska Mitrovica,9400.0,Corn
2024,25000 sj,Sremska Mitrovica,10200.0,Corn
2024,25000 sj,Subotica,6250.0,Corn
2024,25000 sj,Subotica,6250.0,Corn
2024,25000 sj,Subotica,8016.0,Corn
2024,25000 sj,Subotica,7340.0,Corn
2024,25000 sj,Subotica,7340.0,Corn
2024,25000 sj,Subotica,6900.0,Corn
2024,25000 sj,Subotica,7700.0,Corn
2024,25000 sj,Subotica,7250.0,Corn
2024,25000 sj,Subotica,7623.0,Corn
2024,25000 sj,Subotica,5880.0,Corn
2024,25000 sj,Vranje,6900.0,Corn
2024,25000 sj,Vranje,6200.0,Corn
2024,25000 sj,Vranje,7350.0,Corn
2024,25000 sj,Vranje,6200.0,Corn
2024,25000 sj,Zaječar,6800.0,Corn
2024,25000 sj,Zaječar,6100.0,Corn
2024,25000 sj,Zaječar,5400.0,Corn
2024,25000 sj,Zaječar,6100.0,Corn
2024,25000 sj,Zaječar,6200.0,Corn
2024,25000 sj,Zaječar,6200.0,Corn
2024,25000 sj,Zrenjanin,7086.0,Corn
2024,25000 sj,Zrenjanin,6160.0,Corn
2024,25000 sj,Zrenjanin,6412.0,Corn
2024,25000 sj,Zrenjanin,5512.0,Corn
2024,25000 sj,Zrenjanin,7874.0,Corn
2024,25000 sj,Zrenjanin,7283.0,Corn
2024,25000 sj,Zrenjanin,6989.0,Corn
2024,25000 sj,Zrenjanin,6789.0,Corn
2024,25000 sj,Zrenjanin,6780.0,Corn
2024,25000 sj,Zrenjanin,6900.0,Corn
2024,25000 sj,Zrenjanin,7200.0,Corn
2024,25000 sj,Zrenjanin,6780.0,Corn
2024,25000 sj,Zrenjanin,6780.0,Corn
2024,25000 sj,Zrenjanin,8200.0,Corn
2024,25000 sj,Zrenjanin,15030.0,Corn
2024,25000 sj,Čačak,6000.0,Corn
2024,25000 sj,Čačak,6300.0,Corn
2024,25000sj,Beograd,6650.0,Corn
2024,25000sj,Niš,7640.0,Corn
2024,25000sj,Sombor,12725.0,Corn
2024,30000sj,Beograd,2950.0,Corn
2024,30000sj,Kraljevo,6000.0,Corn
2024,30000sj,Loznica,6000.0,Corn
2024,30000sj,Loznica,6000.0,Corn
2024,30000sj,Niš,6100.0,Corn
2024,30000sj,Niš,6100.0,Corn
2024,30000sj,Sremska Mitrovica,5740.0,Corn
2024,30000sj,Sremska Mitrovica,5740.0,Corn
2024,30000sj,Sremska Mitrovica,5740.0,Corn
2024,30000sj,Zaječar,6200.0,Corn
2024,25 kg,Beograd,1600.0,Wheat
2024,25 kg,Beograd,1850.0,Wheat
2024,25 kg,Beograd,1750.0,Wheat
2024,25 kg,Beograd,1850.0,Wheat
2024,25 kg,Kikinda,1800.0,Wheat
2024,25 kg,Kikinda,1750.0,Wheat
2024,25 kg,Kikinda,1750.0,Wheat
2024,25 kg,Kragujevac,1650.0,Wheat
2024,25 kg,Kragujevac,1600.0,Wheat
2024,25 kg,Kragujevac,1900.0,Wheat
2024,25 kg,Kragujevac,1950.0,Wheat
2024,25 kg,Kragujevac,1900.0,Wheat
2024,25 kg,Kraljevo,1625.0,Wheat
2024,25 kg,Kraljevo,1750.0,Wheat
2024,25 kg,Kraljevo,1800.0,Wheat
2024,25 kg,Kraljevo,1700.0,Wheat
2024,25 kg,Kraljevo,1850.0,Wheat
2024,25 kg,Loznica,1750.0,Wheat
2024,25 kg,Loznica,1725.0,Wheat
2024,25 kg,Loznica,1750.0,Wheat
2024,25 kg,Niš,1600.0,Wheat
2024,25 kg,Niš,1750.0,Wheat
2024,25 kg,Niš,1875.0,Wheat
2024,25 kg,Niš,1750.0,Wheat
2024,25 kg,Niš,1750.0,Wheat
2024,25 kg,Novi Sad,1425.0,Wheat
2024,25 kg,Novi Sad,1625.0,Wheat
2024,25 kg,Novi Sad,1500.0,Wheat
2024,25 kg,Novi Sad,1375.0,Wheat
2024,25 kg,Pančevo,1450.0,Wheat
2024,25 kg,Pančevo,1875.0,Wheat
2024,25 kg,Pančevo,1500.0,Wheat
2024,25 kg,Pančevo,1700.0,Wheat
2024,25 kg,Pančevo,1700.0,Wheat
2024,25 kg,Pirot,1800.0,Wheat
2024,25 kg,Pirot,1800.0,Wheat
2024,25 kg,Pirot,2000.0,Wheat
2024,25 kg,Požarevac,1625.0,Wheat
2024,25 kg,Požarevac,1900.0,Wheat
2024,25 kg,Požarevac,1750.0,Wheat
2024,25 kg,Smederevo,1590.0,Wheat
2024,25 kg,Smederevo,1920.0,Wheat
2024,25 kg,Sombor,1610.0,Wheat
2024,25 kg,Sombor,1895.0,Wheat
2024,25 kg,Sombor,1820.0,Wheat
2024,25 kg,Sombor,1820.0,Wheat
2024,25 kg,Sombor,1895.0,Wheat
2024,25 kg,Sremska Mitrovica,1425.0,Wheat
2024,25 kg,Sremska Mitrovica,3025.0,Wheat
2024,25 kg,Sremska Mitrovica,1975.0,Wheat
2024,25 kg,Sremska Mitrovica,1725.0,Wheat
2024,25 kg,Subotica,1438.0,Wheat
2024,25 kg,Subotica,1775.0,Wheat
2024,25 kg,Subotica,1750.0,Wheat
2024,25 kg,Vranje,1600.0,Wheat
2024,25 kg,Vranje,1800.0,Wheat
2024,25 kg,Vranje,1750.0,Wheat
2024,25 kg,Zaječar,1590.0,Wheat
2024,25 kg,Zaječar,1920.0,Wheat
2024,25 kg,Zrenjanin,1425.0,Wheat
2024,25 kg,Zrenjanin,1800.0,Wheat
2024,25 kg,Zrenjanin,1500.0,Wheat
2024,25 kg,Zrenjanin,1750.0,Wheat
2024,25 kg,Čačak,1750.0,Wheat
2024,30 kg,Kragujevac,2600.0,Wheat
2024,50 kg,Beograd,3200.0,Wheat
2024,50 kg,Beograd,3700.0,Wheat
2024,50 kg,Beograd,3900.0,Wheat
2024,50 kg,Kragujevac,3300.0,Wheat
2024,50 kg,Kragujevac,3200.0,Wheat
2024,50 kg,Kragujevac,3700.0,Wheat
2024,50 kg,Kraljevo,1625.0,Wheat
2024,50 kg,Novi Sad,3000.0,Wheat
2024,50 kg,Sremska Mitrovica,2850.0,Wheat
2024,50 kg,Zrenjanin,2850.0,Wheat
2024,50 kg,Zrenjanin,3450.0,Wheat
2024,50 kg,Čačak,3500.0,Wheat
2025,25 kg,Kikinda,1700.0,Barley
2025,25 kg,Kraljevo,1700.0,Barley
2025,25 kg,Loznica,3200.0,Barley
2025,25 kg,Niš,1600.0,Barley
2025,25 kg,Pančevo,1625.0,Barley
2025,25 kg,Pirot,1650.0,Barley
2025,25 kg,Požarevac,1600.0,Barley
2025,25 kg,Subotica,1750.0,Barley
2025,25 kg,Čačak,1700.0,Barley
2025,25kg,Beograd,1625.0,Barley
2025,25kg,Beograd,1840.0,Barley
2025,25kg,Kikinda,1800.0,Barley
2025,25kg,Kraljevo,1550.0,Barley
2025,25kg,Kraljevo,1850.0,Barley
2025,25kg,Loznica,1625.0,Barley
2025,25kg,Loznica,3250.0,Barley
2025,25kg,Niš,1650.0,Barley
2025,25kg,Niš,2050.0,Barley
2025,25kg,Pančevo,1675.0,Barley
2025,25kg,Pirot,1650.0,Barley
2025,25kg,Pirot,1900.0,Barley
2025,25kg,Požarevac,1625.0,Barley
2025,25kg,Požarevac,1750.0,Barley
2025,25kg,Smederevo,1500.0,Barley
2025,25kg,Smederevo,1800.0,Barley
2025,25kg,Subotica,1625.0,Barley
2025,25kg,Subotica,1750.0,Barley
2025,25kg,Vranje,1925.0,Barley
2025,25kg,Zaječar,1860.0,Barley
2025,25kg,Zrenjanin,1500.0,Barley
2025,25kg,Zrenjanin,1850.0,Barley
2025,25kg,Čačak,1550.0,Barley
2025,25kg,Čačak,1850.0,Barley
2025,45kg,Beograd,2925.0,Barley
2025,50 kg,Beograd,3250.0,Barley
2025,50 kg,Požarevac,3000.0,Barley
2025,50 kg,Subotica,3150.0,Barley
2025,50kg,Pančevo,3350.0,Barley
2025,50kg,Subotica,3350.0,Barley
2025,50kg,Vranje,3850.0,Barley
2025,25000 sj,Beograd,7606.0,Corn
2025,25000 sj,Beograd,6240.0,Corn
2025,25000 sj,Beograd,5830.0,Corn
2025,25000 sj,Beograd,6240.0,Corn
2025,25000 sj,Beograd,5810.0,Corn
2025,25000 sj,Beograd,5810.0,Corn
2025,25000 sj,Beograd,8200.0,Corn
2025,25000 sj,Beograd,7520.0,Corn
2025,25000 sj,Beograd,7520.0,Corn
2025,25000 sj,Beograd,6800.0,Corn
2025,25000 sj,Beograd,8360.0,Corn
2025,25000 sj,Beograd,7625.0,Corn
2025,25000 sj,Beograd,7625.0,Corn
2025,25000 sj,Kikinda,7280.0,Corn
2025,25000 sj,Kikinda,6375.0,Corn
2025,25000 sj,Kikinda,6375.0,Corn
2025,25000 sj,Kikinda,20500.0,Corn
2025,25000 sj,Kikinda,7700.0,Corn
2025,25000 sj,Kikinda,7040.0,Corn
2025,25000 sj,Kikinda,7040.0,Corn
2025,25000 sj,Kikinda,8000.0,Corn
2025,25000 sj,Kikinda,14600.0,Corn
2025,25000 sj,Kraljevo,7300.0,Corn
2025,25000 sj,Kraljevo,6900.0,Corn
2025,25000 sj,Kraljevo,6400.0,Corn
2025,25000 sj,Kraljevo,7500.0,Corn
2025,25000 sj,Kraljevo,6700.0,Corn
2025,25000 sj,Kraljevo,6800.0,Corn
2025,25000 sj,Kraljevo,6800.0,Corn
2025,25000 sj,Kraljevo,6800.0,Corn
2025,25000 sj,Loznica,6100.0,Corn
2025,25000 sj,Loznica,6100.0,Corn
2025,25000 sj,Loznica,6500.0,Corn
2025,25000 sj,Loznica,7400.0,Corn
2025,25000 sj,Loznica,7950.0,Corn
2025,25000 sj,Niš,7600.0,Corn
2025,25000 sj,Niš,6600.0,Corn
2025,25000 sj,Niš,6190.0,Corn
2025,25000 sj,Niš,6900.0,Corn
2025,25000 sj,Niš,6500.0,Corn
2025,25000 sj,Niš,7790.0,Corn
2025,25000 sj,Niš,7190.0,Corn
2025,25000 sj,Niš,7190.0,Corn
2025,25000 sj,Niš,14990.0,Corn
2025,25000 sj,Novi Sad,6800.0,Corn
2025,25000 sj,Novi Sad,6800.0,Corn
2025,25000 sj,Novi Sad,7800.0,Corn
2025,25000 sj,Novi Sad,7600.0,Corn
2025,25000 sj,Pančevo,6380.0,Corn
2025,25000 sj,Pančevo,6850.0,Corn
2025,25000 sj,Pančevo,6280.0,Corn
2025,25000 sj,Pančevo,7500.0,Corn
2025,25000 sj,Pančevo,7500.0,Corn
2025,25000 sj,Pančevo,7500.0,Corn
2025,25000 sj,Pančevo,7750.0,Corn
2025,25000 sj,Pančevo,7550.0,Corn
2025,25000 sj,Pančevo,7650.0,Corn
2025,25000 sj,Pančevo,8450.0,Corn
2025,25000 sj,Pirot,6500.0,Corn
2025,25000 sj,Pirot,6500.0,Corn
2025,25000 sj,Pirot,6400.0,Corn
2025,25000 sj,Pirot,6600.0,Corn
2025,25000 sj,Pirot,6800.0,Corn
2025,25000 sj,Pirot,7100.0,Corn
2025,25000 sj,Pirot,7100.0,Corn
2025,25000 sj,Pirot,7100.0,Corn
2025,25000 sj,Požarevac,12500.0,Corn
2025,25000 sj,Požarevac,7500.0,Corn
2025,25000 sj,Požarevac,6530.0,Corn
2025,25000 sj,Požarevac,6100.0,Corn
2025,25000 sj,Požarevac,15000.0,Corn
2025,25000 sj,Požarevac,7500.0,Corn
2025,25000 sj,Požarevac,7000.0,Corn
2025,25000 sj,Požarevac,7900.0,Corn
2025,25000 sj,Požarevac,7000.0,Corn
2025,25000 sj,Požarevac,6950.0,Corn
2025,25000 sj,Požarevac,7500.0,Corn
2025,25000 sj,Požarevac,8200.0,Corn
2025,25000 sj,Požarevac,14380.0,Corn
2025,25000 sj,Požarevac,14300.0,Corn
2025,25000 sj,Smederevo,7450.0,Corn
2025,25000 sj,Smederevo,7350.0,Corn
2025,25000 sj,Smederevo,6500.0,Corn
2025,25000 sj,Smederevo,14600.0,Corn
2025,25000 sj,Smederevo,15000.0,Corn
2025,25000 sj,Sombor,7180.0,Corn
2025,25000 sj,Sombor,6280.0,Corn
2025,25000 sj,Sombor,6900.0,Corn
2025,25000 sj,Sombor,6500.0,Corn
2025,25000 sj,Sombor,8380.0,Corn
2025,25000 sj,Sombor,7670.0,Corn
2025,25000 sj,Sombor,8110.0,Corn
2025,25000 sj,Sombor,14790.0,Corn
2025,25000 sj,Sombor,14790.0,Corn
2025,25000 sj,Subotica,7400.0,Corn
2025,25000 sj,Subotica,7400.0,Corn
2025,25000 sj,Subotica,7900.0,Corn
2025,25000 sj,Subotica,7100.0,Corn
2025,25000 sj,Subotica,7100.0,Corn
2025,25000 sj,Subotica,7840.0,Corn
2025,25000 sj,Subotica,7150.0,Corn
2025,25000 sj,Subotica,7150.0,Corn
2025,25000 sj,Vranje,7800.0,Corn
2025,25000 sj,Vranje,6800.0,Corn
2025,25000 sj,Zaječar,7480.0,Corn
2025,25000 sj,Zaječar,6490.0,Corn
2025,25000 sj,Zaječar,7500.0,Corn
2025,25000 sj,Zaječar,6500.0,Corn
2025,25000 sj,Zaječar,7690.0,Corn
2025,25000 sj,Zaječar,6950.0,Corn
2025,25000 sj,Zrenjanin,7458.0,Corn
2025,25000 sj,Zrenjanin,6861.0,Corn
2025,25000 sj,Zrenjanin,6649.0,Corn
2025,25000 sj,Zrenjanin,6213.0,Corn
2025,25000 sj,Zrenjanin,17720.0,Corn
2025,25000 sj,Zrenjanin,7650.0,Corn
2025,25000 sj,Zrenjanin,6850.0,Corn
2025,25000 sj,Zrenjanin,7710.0,Corn
2025,25000 sj,Zrenjanin,7050.0,Corn
2025,25000 sj,Zrenjanin,7050.0,Corn
2025,25000 sj,Zrenjanin,8280.0,Corn
2025,25000 sj,Zrenjanin,9706.0,Corn
2025,25000 sj,Zrenjanin,17340.0,Corn
2025,25000 sj,Zrenjanin,9384.0,Corn
2025,25000 sj,Zrenjanin,17340.0,Corn
2025,25000 sj,Čačak,7300.0,Corn
2025,25000 sj,Čačak,6900.0,Corn
2025,25000 sj,Čačak,6400.0,Corn
2025,25000 sj,Čačak,7500.0,Corn
2025,25000 sj,Čačak,6700.0,Corn
2025,25000 sj,Čačak,6800.0,Corn
2025,25000 sj,Čačak,6800.0,Corn
2025,25000 sj,Čačak,6800.0,Corn
2025,25000sj,Beograd,6800.0,Corn
2025,25000sj,Kikinda,14600.0,Corn
2025,25000sj,Kraljevo,6750.0,Corn
2025,25000sj,Loznica,7950.0,Corn
2025,25000sj,Niš,7690.0,Corn
2025,25000sj,Pančevo,7300.0,Corn
2025,25000sj,Pirot,7750.0,Corn
2025,25000sj,Požarevac,6750.0,Corn
2025,25000sj,Smederevo,6600.0,Corn
2025,25000sj,Sombor,6590.0,Corn
2025,25000sj,Subotica,6370.0,Corn
2025,25000sj,Zrenjanin,7650.0,Corn
2025,25000sj,Čačak,6750.0,Corn
2025,30000sj,Kikinda,6500.0,Corn
2025,30000sj,Kraljevo,6800.0,Corn
2025,30000sj,Niš,6850.0,Corn
2025,30000sj,Požarevac,7500.0,Corn
2025,30000sj,Požarevac,7200.0,Corn
2025,30000sj,Zrenjanin,6710.0,Corn
2025,30000sj,Čačak,6800.0,Corn
2025,50000 sj,Beograd,10070.0,Corn
2025,50000 sj,Beograd,7915.0,Corn
2025,50000 sj,Beograd,10720.0,Corn
2025,50000 sj,Kikinda,18110.0,Corn
2025,50000 sj,Kikinda,15140.0,Corn
2025,50000 sj,Niš,21000.0,Corn
2025,50000 sj,Niš,15000.0,Corn
2025,50000 sj,Niš,15000.0,Corn
2025,50000 sj,Pančevo,7800.0,Corn
2025,50000 sj,Pančevo,7200.0,Corn
2025,50000 sj,Požarevac,20000.0,Corn
2025,50000 sj,Požarevac,18500.0,Corn
2025,50000 sj,Požarevac,16500.0,Corn
2025,50000 sj,Smederevo,19500.0,Corn
2025,50000 sj,Smederevo,13800.0,Corn
2025,50000 sj,Sombor,21890.0,Corn
2025,50000 sj,Sombor,17204.0,Corn
2025,50000 sj,Sombor,17204.0,Corn
2025,50000 sj,Subotica,10480.0,Corn
2025,50000 sj,Subotica,9400.0,Corn
2025,50000 sj,Subotica,7710.0,Corn
2025,50000 sj,Zrenjanin,22133.0,Corn
2025,25 kg,Beograd,1620.0,Wheat
2025,25 kg,Beograd,1800.0,Wheat
2025,25 kg,Kikinda,1625.0,Wheat
2025,25 kg,Kikinda,1950.0,Wheat
2025,25 kg,Kikinda,1775.0,Wheat
2025,25 kg,Kikinda,2062.5,Wheat
2025,25 kg,Kraljevo,1650.0,Wheat
2025,25 kg,Kraljevo,1900.0,Wheat
2025,25 kg,Kraljevo,1800.0,Wheat
2025,25 kg,Kraljevo,1850.0,Wheat
2025,25 kg,Loznica,1625.0,Wheat
2025,25 kg,Loznica,1650.0,Wheat
2025,25 kg,Niš,1700.0,Wheat
2025,25 kg,Niš,2050.0,Wheat
2025,25 kg,Niš,2050.0,Wheat
2025,25 kg,Pančevo,1900.0,Wheat
2025,25 kg,Pirot,1700.0,Wheat
2025,25 kg,Pirot,2000.0,Wheat
2025,25 kg,Pirot,1800.0,Wheat
2025,25 kg,Pirot,1900.0,Wheat
2025,25 kg,Požarevac,1650.0,Wheat
2025,25 kg,Požarevac,1800.0,Wheat
2025,25 kg,Požarevac,1800.0,Wheat
2025,25 kg,Smederevo,1500.0,Wheat
2025,25 kg,Smederevo,1875.0,Wheat
2025,25 kg,Subotica,1625.0,Wheat
2025,25 kg,Subotica,1300.0,Wheat
2025,25 kg,Subotica,1775.0,Wheat
2025,25 kg,Zaječar,1650.0,Wheat
2025,25 kg,Zaječar,1940.0,Wheat
2025,25 kg,Zaječar,1960.0,Wheat
2025,25 kg,Zrenjanin,1700.0,Wheat
2025,25 kg,Zrenjanin,1825.0,Wheat
2025,25 kg,Zrenjanin,1850.0,Wheat
2025,25 kg,Zrenjanin,1875.0,Wheat
2025,25 kg,Zrenjanin,1925.0,Wheat
2025,25 kg,Čačak,1650.0,Wheat
2025,25 kg,Čačak,1900.0,Wheat
2025,25 kg,Čačak,1800.0,Wheat
2025,25 kg,Čačak,1850.0,Wheat
2025,50 kg,Beograd,3200.0,Wheat
2025,50 kg,Beograd,3700.0,Wheat
2025,50 kg,Pančevo,3000.0,Wheat
2025,50 kg,Pančevo,3350.0,Wheat
2025,50 kg,Vranje,3250.0,Wheat
2025,50 kg,Vranje,4000.0,Wheat
2025,50 kg,Zrenjanin,3425.0,Wheat
2025,50 kg,Zrenjanin,4050.0,Wheat
2026,25000 sj,Beograd,7500.0,Corn
2026,25000 sj,Beograd,6600.0,Corn
2026,25000 sj,Beograd,6200.0,Corn
2026,25000 sj,Beograd,15200.0,Corn
2026,25000 sj,Beograd,7100.0,Corn
2026,25000 sj,Beograd,6600.0,Corn
2026,25000 sj,Beograd,8200.0,Corn
2026,25000 sj,Beograd,7100.0,Corn
2026,25000 sj,Beograd,7100.0,Corn
2026,25000 sj,Beograd,6500.0,Corn
2026,25000 sj,Beograd,7860.0,Corn
2026,25000 sj,Beograd,7500.0,Corn
2026,25000 sj,Kikinda,6900.0,Corn
2026,25000 sj,Kikinda,6040.0,Corn
2026,25000 sj,Kikinda,5645.0,Corn
2026,25000 sj,Kikinda,6800.0,Corn
2026,25000 sj,Kikinda,5990.0,Corn
2026,25000 sj,Kikinda,6970.0,Corn
2026,25000 sj,Kikinda,6970.0,Corn
2026,25000 sj,Kikinda,8805.0,Corn
2026,25000 sj,Kikinda,8135.0,Corn
2026,25000 sj,Kikinda,8325.0,Corn
2026,25000 sj,Kragujevac,7580.0,Corn
2026,25000 sj,Kragujevac,6590.0,Corn
2026,25000 sj,Kragujevac,6150.0,Corn
2026,25000 sj,Kragujevac,6000.0,Corn
2026,25000 sj,Kragujevac,7000.0,Corn
2026,25000 sj,Kragujevac,6500.0,Corn
2026,25000 sj,Kragujevac,8090.0,Corn
2026,25000 sj,Kragujevac,7700.0,Corn
2026,25000 sj,Kragujevac,8000.0,Corn
2026,25000 sj,Kragujevac,7800.0,Corn
2026,25000 sj,Kragujevac,7100.0,Corn
2026,25000 sj,Kragujevac,7300.0,Corn
2026,25000 sj,Kraljevo,6800.0,Corn
2026,25000 sj,Kraljevo,6550.0,Corn
2026,25000 sj,Kraljevo,6300.0,Corn
2026,25000 sj,Kraljevo,7600.0,Corn
2026,25000 sj,Kraljevo,7400.0,Corn
2026,25000 sj,Kraljevo,7400.0,Corn
2026,25000 sj,Kraljevo,8800.0,Corn
2026,25000 sj,Kraljevo,8800.0,Corn
2026,25000 sj,Loznica,7200.0,Corn
2026,25000 sj,Loznica,6400.0,Corn
2026,25000 sj,Loznica,6000.0,Corn
2026,25000 sj,Loznica,6400.0,Corn
2026,25000 sj,Loznica,7300.0,Corn
2026,25000 sj,Loznica,7300.0,Corn
2026,25000 sj,Loznica,6900.0,Corn
2026,25000 sj,Loznica,7200.0,Corn
2026,25000 sj,Niš,7200.0,Corn
2026,25000 sj,Niš,6350.0,Corn
2026,25000 sj,Niš,6000.0,Corn
2026,25000 sj,Niš,7500.0,Corn
2026,25000 sj,Niš,6500.0,Corn
2026,25000 sj,Niš,7750.0,Corn
2026,25000 sj,Niš,7050.0,Corn
2026,25000 sj,Niš,8300.0,Corn
2026,25000 sj,Novi Sad,7100.0,Corn
2026,25000 sj,Novi Sad,6945.0,Corn
2026,25000 sj,Novi Sad,6100.0,Corn
2026,25000 sj,Novi Sad,6900.0,Corn
2026,25000 sj,Novi Sad,7900.0,Corn
2026,25000 sj,Novi Sad,7200.0,Corn
2026,25000 sj,Novi Sad,7400.0,Corn
2026,25000 sj,Novi Sad,8500.0,Corn
2026,25000 sj,Pančevo,8100.0,Corn
2026,25000 sj,Pančevo,7100.0,Corn
2026,25000 sj,Pančevo,6600.0,Corn
2026,25000 sj,Pančevo,16400.0,Corn
2026,25000 sj,Pančevo,8500.0,Corn
2026,25000 sj,Pančevo,7700.0,Corn
2026,25000 sj,Pančevo,7700.0,Corn
2026,25000 sj,Pančevo,8500.0,Corn
2026,25000 sj,Pančevo,7800.0,Corn
2026,25000 sj,Pančevo,8000.0,Corn
2026,25000 sj,Pirot,6100.0,Corn
2026,25000 sj,Pirot,6400.0,Corn
2026,25000 sj,Pirot,7500.0,Corn
2026,25000 sj,Pirot,6200.0,Corn
2026,25000 sj,Pirot,14900.0,Corn
2026,25000 sj,Pirot,7500.0,Corn
2026,25000 sj,Pirot,7500.0,Corn
2026,25000 sj,Pirot,6950.0,Corn
2026,25000 sj,Pirot,7400.0,Corn
2026,25000 sj,Pirot,7000.0,Corn
2026,25000 sj,Požarevac,7000.0,Corn
2026,25000 sj,Požarevac,6500.0,Corn
2026,25000 sj,Požarevac,5800.0,Corn
2026,25000 sj,Požarevac,14000.0,Corn
2026,25000 sj,Požarevac,7500.0,Corn
2026,25000 sj,Požarevac,7000.0,Corn
2026,25000 sj,Požarevac,7900.0,Corn
2026,25000 sj,Požarevac,7000.0,Corn
2026,25000 sj,Požarevac,6900.0,Corn
2026,25000 sj,Požarevac,7400.0,Corn
2026,25000 sj,Požarevac,8500.0,Corn
2026,25000 sj,Požarevac,8500.0,Corn
2026,25000 sj,Požarevac,7400.0,Corn
2026,25000 sj,Smederevo,6900.0,Corn
2026,25000 sj,Smederevo,6200.0,Corn
2026,25000 sj,Smederevo,8000.0,Corn
2026,25000 sj,Sombor,7200.0,Corn
2026,25000 sj,Sombor,6300.0,Corn
2026,25000 sj,Sombor,5910.0,Corn
2026,25000 sj,Sombor,7500.0,Corn
2026,25000 sj,Sombor,6950.0,Corn
2026,25000 sj,Sombor,8300.0,Corn
2026,25000 sj,Sombor,7600.0,Corn
2026,25000 sj,Sombor,7600.0,Corn
2026,25000 sj,Sombor,8500.0,Corn
2026,25000 sj,Sombor,7990.0,Corn
2026,25000 sj,Sombor,7990.0,Corn
2026,25000 sj,Sremska Mitrovica,7200.0,Corn
2026,25000 sj,Sremska Mitrovica,6500.0,Corn
2026,25000 sj,Sremska Mitrovica,6200.0,Corn
2026,25000 sj,Sremska Mitrovica,6200.0,Corn
2026,25000 sj,Sremska Mitrovica,6500.0,Corn
2026,25000 sj,Sremska Mitrovica,7200.0,Corn
2026,25000 sj,Sremska Mitrovica,7200.0,Corn
2026,25000 sj,Sremska Mitrovica,7200.0,Corn
2026,25000 sj,Sremska Mitrovica,8100.0,Corn
2026,25000 sj,Sremska Mitrovica,8600.0,Corn
2026,25000 sj,Sremska Mitrovica,8100.0,Corn
2026,25000 sj,Subotica,6100.0,Corn
2026,25000 sj,Subotica,6970.0,Corn
2026,25000 sj,Subotica,6460.0,Corn
2026,25000 sj,Subotica,7700.0,Corn
2026,25000 sj,Subotica,7046.0,Corn
2026,25000 sj,Subotica,7233.0,Corn
2026,25000 sj,Vranje,7200.0,Corn
2026,25000 sj,Vranje,6300.0,Corn
2026,25000 sj,Vranje,5900.0,Corn
2026,25000 sj,Vranje,7250.0,Corn
2026,25000 sj,Vranje,6500.0,Corn
2026,25000 sj,Zaječar,6350.0,Corn
2026,25000 sj,Zaječar,7650.0,Corn
2026,25000 sj,Zaječar,6300.0,Corn
2026,25000 sj,Zaječar,6500.0,Corn
2026,25000 sj,Zaječar,8500.0,Corn
2026,25000 sj,Zaječar,8250.0,Corn
2026,25000 sj,Zrenjanin,6961.0,Corn
2026,25000 sj,Zrenjanin,6040.0,Corn
2026,25000 sj,Zrenjanin,6395.0,Corn
2026,25000 sj,Zrenjanin,15544.0,Corn
2026,25000 sj,Zrenjanin,13930.0,Corn
2026,25000 sj,Zrenjanin,13930.0,Corn
2026,25000 sj,Zrenjanin,7060.0,Corn
2026,25000 sj,Zrenjanin,8805.0,Corn
2026,25000 sj,Zrenjanin,7630.0,Corn
2026,25000 sj,Zrenjanin,7840.0,Corn
2026,25000 sj,Čačak,6800.0,Corn
2026,25000 sj,Čačak,6550.0,Corn
2026,25000 sj,Čačak,6250.0,Corn
2026,25000 sj,Čačak,7700.0,Corn
2026,25000 sj,Čačak,7400.0,Corn
2026,25000 sj,Čačak,7450.0,Corn
2026,25000 sj,Čačak,8800.0,Corn
2026,25000 sj,Čačak,8750.0,Corn
2026,25000sj,Beograd,6050.0,Corn
2026,25000sj,Kikinda,7420.0,Corn
2026,25000sj,Kragujevac,7600.0,Corn
2026,25000sj,Kraljevo,9000.0,Corn
2026,25000sj,Loznica,6400.0,Corn
2026,25000sj,Niš,7950.0,Corn
2026,25000sj,Novi Sad,6800.0,Corn
2026,25000sj,Pančevo,7300.0,Corn
2026,25000sj,Požarevac,6750.0,Corn
2026,25000sj,Smederevo,8500.0,Corn
2026,25000sj,Sombor,7200.0,Corn
2026,25000sj,Sremska Mitrovica,7900.0,Corn
2026,25000sj,Subotica,7466.0,Corn
2026,25000sj,Zaječar,7450.0,Corn
2026,25000sj,Zrenjanin,6460.0,Corn
2026,25000sj,Čačak,8950.0,Corn
2026,30000sj,Kragujevac,6900.0,Corn
2026,30000sj,Kragujevac,6700.0,Corn
2026,30000sj,Niš,6890.0,Corn
2026,30000sj,Novi Sad,8000.0,Corn
2026,30000sj,Novi Sad,6900.0,Corn
2026,30000sj,Pančevo,8200.0,Corn
2026,30000sj,Pirot,6990.0,Corn
2026,30000sj,Požarevac,7000.0,Corn
2026,30000sj,Požarevac,6800.0,Corn
2026,30000sj,Sremska Mitrovica,6500.0,Corn
2026,30000sj,Sremska Mitrovica,6500.0,Corn
2026,30000sj,Vranje,6850.0,Corn
2026,30000sj,Zrenjanin,6930.0,Corn
2026,50000 sj,Beograd,20200.0,Corn
2026,50000 sj,Beograd,19100.0,Corn
2026,50000 sj,Beograd,18100.0,Corn
2026,50000 sj,Kragujevac,20500.0,Corn
2026,50000 sj,Kragujevac,13750.0,Corn
2026,50000 sj,Kragujevac,13650.0,Corn
2026,50000 sj,Loznica,19000.0,Corn
2026,50000 sj,Loznica,17000.0,Corn
2026,50000 sj,Loznica,14500.0,Corn
2026,50000 sj,Niš,9900.0,Corn
2026,50000 sj,Novi Sad,18889.0,Corn
2026,50000 sj,Pančevo,21600.0,Corn
2026,50000 sj,Pančevo,20500.0,Corn
2026,50000 sj,Pančevo,19400.0,Corn
2026,50000 sj,Pirot,18700.0,Corn
2026,50000 sj,Pirot,19800.0,Corn
2026,50000 sj,Pirot,15700.0,Corn
2026,50000 sj,Požarevac,19000.0,Corn
2026,50000 sj,Požarevac,18000.0,Corn
2026,50000 sj,Požarevac,15500.0,Corn
2026,50000 sj,Smederevo,19800.0,Corn
2026,50000 sj,Smederevo,18900.0,Corn
2026,50000 sj,Sombor,22130.0,Corn
2026,50000 sj,Sombor,20990.0,Corn
2026,50000 sj,Sombor,19820.0,Corn
2026,50000 sj,Sremska Mitrovica,17100.0,Corn
2026,50000 sj,Sremska Mitrovica,13400.0,Corn
2026,50000 sj,Subotica,18889.0,Corn
2026,50000 sj,Zrenjanin,18410.0,Corn
2026,50000 sj,Zrenjanin,11185.0,Corn
2026,50000 sj,Zrenjanin,12875.0,Corn
